Date of Award,Awarded HH,Location,Planning Area,Market Segment,Est DUs,psf_ppr,Launch Window Lo,Launch Window Hi,Num Bids
2026-05-12,1H 2026.0,Holland Plain,Bukit Timah,CCR,280.0,1490.8625211470555,1.0H 2027.0,2.0H 2027.0,1.0
2026-05-04,1H 2026.0,Dunearn Road,Bukit Timah,CCR,330.0,1624.903961478682,1.0H 2027.0,2.0H 2027.0,6.0
2026-04-21,1H 2026.0,Miltonia Close,Yishun,OCR,430.0,731.9256617190345,1.0H 2027.0,2.0H 2027.0,3.0
2026-04-10,1H 2026.0,Kallang Close,Kallang,RCR,470.0,1415.0462053287329,1.0H 2027.0,2.0H 2027.0,4.0
2026-03-31,1H 2026.0,Dover Drive,Queenstown,RCR,625.0,1556.2133091042197,1.0H 2027.0,2.0H 2027.0,6.0
2026-03-06,1H 2026.0,Lentor Central,Ang Mo Kio,OCR,560.0,1277.7132101624782,1.0H 2027.0,2.0H 2027.0,5.0
2026-02-10,1H 2026.0,Tanjong Rhu Road,Kallang,RCR,525.0,1455.0121656535591,1.0H 2027.0,2.0H 2027.0,5.0
2026-01-28,1H 2026.0,Dairy Farm Walk,Bukit Panjang,OCR,280.0,962.3408222476778,1.0H 2027.0,2.0H 2027.0,5.0
2026-01-20,1H 2026.0,Woodlands Drive 17 (2H2025),Woodlands,OCR,560.0,793.6234048981632,1.0H 2027.0,2.0H 2027.0,3.0
2025-12-02,2H 2025.0,Bedok Rise,Bedok,OCR,380.0,1329.8838433245912,2.0H 2026.0,1.0H 2027.0,10.0
2025-11-21,2H 2025.0,Bukit Timah Road,Novena,CCR,340.0,1819.9706240576147,2.0H 2026.0,1.0H 2027.0,8.0
2025-11-20,2H 2025.0,Telok Blangah Road,Bukit Merah,RCR,740.0,1326.0051412544328,2.0H 2026.0,1.0H 2027.0,3.0
2025-10-31,2H 2025.0,Upper Thomson Road (Parcel A) ,Yishun,OCR,595.0,1061.6030791784767,2.0H 2026.0,1.0H 2027.0,5.0
2025-10-16,2H 2025.0,Dorset Road ,Kallang,RCR,430.0,1338.2739171918013,2.0H 2026.0,1.0H 2027.0,9.0
2025-09-26,2H 2025.0,Sembawang Road,Sembawang,OCR,265.0,691.9002230572105,2.0H 2026.0,1.0H 2027.0,4.0
2025-09-10,2H 2025.0,Chuan Grove (1H 2025) ,Serangoon,OCR,505.0,1331.207711695843,2.0H 2026.0,1.0H 2027.0,5.0
2025-08-26,2H 2025.0,Senja Close ,Bukit Panjang,OCR,295.0,770.8867649629042,2.0H 2026.0,1.0H 2027.0,5.0
2025-08-26,2H 2025.0,Woodlands Drive 17 (1H2025),Woodlands,OCR,420.0,782.4099953555973,2.0H 2026.0,1.0H 2027.0,5.0
2025-08-07,2H 2025.0,Holland Link,Bukit Timah,CCR,240.0,1432.0855525547877,2.0H 2026.0,1.0H 2027.0,5.0
2025-07-17,2H 2025.0,Chuan Grove (2H 2024),Serangoon,OCR,550.0,1376.2656878401997,2.0H 2026.0,1.0H 2027.0,7.0
2025-07-03,2H 2025.0,Dunearn Road,Bukit Timah,CCR,370.0,1410.0117893962324,2.0H 2026.0,1.0H 2027.0,9.0
2025-06-09,1H 2025.0,Lakeside Drive,Jurong West,OCR,575.0,1132.0235862247084,1.0H 2026.0,2.0H 2026.0,6.0
2025-04-09,1H 2025.0,Lentor Gardens,Ang Mo Kio,OCR,500.0,920.0281310416011,1.0H 2026.0,2.0H 2026.0,2.0
2025-03-28,1H 2025.0,Bayshore Road,Bedok,OCR,515.0,1388.3913930904291,1.0H 2026.0,2.0H 2026.0,8.0
2025-03-13,1H 2025.0,Media Circle (Parcel A),Queenstown,RCR,345.0,1036.6437474858114,1.0H 2026.0,2.0H 2026.0,3.0
2025-02-13,1H 2025.0,River Valley Green (Parcel B),River Valley,CCR,580.0,1419.9988665828682,1.0H 2026.0,2.0H 2026.0,5.0
2025-01-21,1H 2025.0,Dairy Farm Walk,Bukit Panjang,OCR,540.0,1020.0206058950698,1.0H 2026.0,2.0H 2026.0,2.0
2025-01-21,1H 2025.0,Tengah Garden Avenue,Tengah,OCR,860.0,821.0631638503111,1.0H 2026.0,2.0H 2026.0,3.0
2024-11-26,2H 2024.0,Faber Walk,Clementi,OCR,400.0,900.0075251465314,2.0H 2025.0,1.0H 2026.0,3.0
2024-11-08,2H 2024.0,Tampines Street 95,Tampines,OCR,560.0,768.3683423294531,2.0H 2025.0,1.0H 2026.0,5.0
2024-08-16,2H 2024.0,Jalan Loyang Besar,Pasir Ris,OCR,710.0,728.6879116496849,2.0H 2025.0,1.0H 2026.0,4.0
2024-08-07,2H 2024.0,Margaret Drive,Queenstown,RCR,460.0,1154.4931163489848,2.0H 2025.0,1.0H 2026.0,2.0
2024-08-07,2H 2024.0,Zion Road (Parcel B),Bukit Merah,RCR,610.0,1304.3243579702914,2.0H 2025.0,1.0H 2026.0,2.0
2024-08-07,2H 2024.0,Canberra Crescent,Sembawang,OCR,375.0,792.7100839750611,2.0H 2025.0,1.0H 2026.0,3.0
2024-08-07,2H 2024.0,De Souza Avenue,Bukit Timah,RCR,355.0,841.4460916154076,2.0H 2025.0,1.0H 2026.0,2.0
2024-06-27,1H 2024.0,River Valley Green (Parcel A),River Valley,CCR,380.0,1325.2684201187117,1.0H 2025.0,2.0H 2025.0,2.0
2024-05-20,1H 2024.0,Holland Drive,Queenstown,CCR,680.0,1285.0915698849212,1.0H 2025.0,2.0H 2025.0,3.0
2024-04-16,1H 2024.0,Upper Thomson Road (Parcel B),Yishun,OCR,,904.6090128958716,1.0H 2025.0,2.0H 2025.0,1.0
2024-04-16,1H 2024.0,Zion Road (Parcel A),Bukit Merah,RCR,,1201.9266233181067,1.0H 2025.0,2.0H 2025.0,1.0
2024-02-21,1H 2024.0,Orchard Boulevard,River Valley,CCR,301.0,1616.7656548596192,1.0H 2025.0,2.0H 2025.0,4.0
2024-02-14,1H 2024.0,Plantation Close,Tengah,OCR,495.0,701.0,1.0H 2025.0,2.0H 2025.0,4.0
2024-02-08,1H 2024.0,Media Circle,Queenstown,RCR,358.0,1191.043158114319,1.0H 2025.0,2.0H 2025.0,3.0
2023-11-15,2H 2023.0,Clementi Avenue 1,Clementi,OCR,501.0,1250.0144343058255,2.0H 2024.0,1.0H 2025.0,6.0
2023-11-15,2H 2023.0,Lorong 1 Toa Payoh,Toa Payoh,RCR,777.0,1360.0927124303123,2.0H 2024.0,1.0H 2025.0,3.0
2023-11-15,2H 2023.0,Pine Grove (Parcel B),Bukit Timah,RCR,552.0,1223.3190271895664,2.0H 2024.0,1.0H 2025.0,3.0
2023-10-09,2H 2023.0,Tampines Street 62 (Parcel B),Tampines,OCR,760.0,721.0241627344507,2.0H 2024.0,1.0H 2025.0,9.0
2023-09-18,2H 2023.0,Champions Way,Woodlands,OCR,348.0,903.9151261838311,2.0H 2024.0,1.0H 2025.0,6.0
2023-09-18,2H 2023.0,Lentor Central,Ang Mo Kio,OCR,477.0,982.0089078388065,2.0H 2024.0,1.0H 2025.0,2.0
2023-09-11,2H 2023.0,Plantation Close,Tengah,OCR,504.0,703.2917884350644,2.0H 2024.0,1.0H 2025.0,9.0
2023-08-10,2H 2023.0,Jalan Tembusu,Marine Parade,RCR,846.0,1069.3823539491618,2.0H 2024.0,1.0H 2025.0,2.0
2023-07-11,2H 2023.0,Marina Gardens Lane,Marina South,RCR,937.0,1401.5276743324507,2.0H 2024.0,1.0H 2025.0,4.0
2023-04-13,1H 2023.0,Lentor Gardens,Ang Mo Kio,OCR,533.0,984.8683211350948,1.0H 2024.0,2.0H 2024.0,1.0
2022-11-15,2H 2022.0,Hillview Rise,Bukit Batok,OCR,341.0,1023.8640229484408,2.0H 2023.0,1.0H 2024.0,4.0
2022-11-15,2H 2022.0,Bukit Timah Link,Bukit Timah,RCR,158.0,1343.1924501217038,2.0H 2023.0,1.0H 2024.0,5.0
2022-09-28,2H 2022.0,Bukit Batok West Avenue 5,Bukit Batok,OCR,512.0,626.0380386068271,2.0H 2023.0,1.0H 2024.0,4.0
2022-09-19,2H 2022.0,Lentor Hills Road (Parcel B),Ang Mo Kio,OCR,267.0,1130.052734754972,2.0H 2023.0,1.0H 2024.0,2.0
2022-09-19,2H 2022.0,Lentor Central,Ang Mo Kio,OCR,474.0,1108.0034692795166,2.0H 2023.0,1.0H 2024.0,3.0
2022-06-14,1H 2022.0,Dunman Road,Marine Parade,RCR,1008.0,1350.510960471643,1.0H 2023.0,2.0H 2023.0,2.0
2022-06-14,1H 2022.0,Pine Grove (Parcel A),Upper Bukit Timah,RCR,520.0,1318.2731330022746,1.0H 2023.0,2.0H 2023.0,5.0
2022-03-22,1H 2022.0,Bukit Batok West Avenue 8,Bukit Batok,OCR,360.0,661.6748568896536,1.0H 2023.0,2.0H 2023.0,9.0
2022-03-11,1H 2022.0,Dairy Farm Walk,Bukit Panjang,OCR,386.0,980.0785411199713,1.0H 2023.0,2.0H 2023.0,7.0
2022-01-26,1H 2022.0,Lentor Hills Road (Parcel A),Ang Mo Kio,OCR,598.0,1060.015055279472,1.0H 2023.0,2.0H 2023.0,4.0
2022-01-26,1H 2022.0,Jalan Tembusu (Parcel A),Marine Parade,RCR,638.0,1302.2669170259398,1.0H 2023.0,2.0H 2023.0,8.0
2021-10-11,2H 2021.0,Slim Barracks Rise (Parcel A),Queenstown,RCR,275.0,1245.7434999005218,2.0H 2022.0,1.0H 2023.0,10.0
2021-10-11,2H 2021.0,Slim Barracks Rise (Parcel B),Queenstown,RCR,142.0,1210.1154134695112,2.0H 2022.0,1.0H 2023.0,10.0
2021-08-03,2H 2021.0,Tampines Street 62 (Parcel A),Tampines,OCR,618.0,658.9317425883297,2.0H 2022.0,1.0H 2023.0,9.0
2021-07-29,2H 2021.0,Lentor Central,Ang Mo Kio,OCR,605.0,1204.4792624241318,2.0H 2022.0,1.0H 2023.0,9.0
2021-06-03,1H 2021.0,Tengah Garden Walk,Tengah,OCR,639.0,603.168964107249,1.0H 2022.0,2.0H 2022.0,7.0
2021-06-02,1H 2021.0,Ang Mo Kio Avenue 1,Ang Mo Kio,OCR,372.0,1117.7644263898671,1.0H 2022.0,2.0H 2022.0,15.0
2021-05-05,1H 2021.0,Northumberland Road,Kallang,RCR,407.0,1129.400431079345,1.0H 2022.0,2.0H 2022.0,10.0
2020-11-20,2H 2020.0,Yishun Avenue 9,Yishun,OCR,616.0,576.0179120195515,2.0H 2021.0,1.0H 2022.0,7.0
2020-11-13,2H 2020.0,Tanah Merah Kechil Link,Bedok,OCR,268.0,930.3381927734976,2.0H 2021.0,1.0H 2022.0,15.0
2020-03-11,1H 2020.0,Fernvale Lane,Sengkang,OCR,296.0,555.0053589594984,1.0H 2021.0,2.0H 2021.0,7.0
2020-03-09,1H 2020.0,Canberra Drive (Parcel A),Sembawang,OCR,219.0,643.8727103679759,1.0H 2021.0,2.0H 2021.0,5.0
2020-03-09,1H 2020.0,Canberra Drive (Parcel B),Sembawang,OCR,448.0,650.4470133296323,1.0H 2021.0,2.0H 2021.0,4.0
2020-01-14,1H 2020.0,Irwell Bank Road,River Valley,CCR,540.0,1515.129581968096,1.0H 2021.0,2.0H 2021.0,7.0
2020-01-14,1H 2020.0,Jalan Bunga Rampai,Toa Payoh,RCR,115.0,885.3407335908397,1.0H 2021.0,2.0H 2021.0,9.0
2019-10-11,2H 2019.0,Canberra Link,Sembawang,OCR,413.0,566.0539519581833,2.0H 2020.0,1.0H 2021.0,8.0
2019-09-12,2H 2019.0,one-north Gateway,Queenstown,RCR,165.0,1001.5083723657066,2.0H 2020.0,1.0H 2021.0,9.0
2019-09-12,2H 2019.0,Bernam Street,Tanjong Pagar,CCR,351.0,1462.838895816075,2.0H 2020.0,1.0H 2021.0,4.0
2019-09-12,2H 2019.0,Tan Quee Lan Street,Bugis,CCR,558.0,1535.0210379730884,2.0H 2020.0,1.0H 2021.0,2.0
2019-07-09,2H 2019.0,Clementi Avenue 1,Clementi,OCR,,788.3194973184567,2.0H 2020.0,1.0H 2021.0,5.0
2019-04-05,1H 2019.0,Sims Drive,Geylang,RCR,,732.0053772281634,1.0H 2020.0,2.0H 2020.0,5.0
2019-04-05,1H 2019.0,Middle Road,Bugis,CCR,,1458.3292608547545,1.0H 2020.0,2.0H 2020.0,10.0
2019-01-22,1H 2019.0,Tampines Avenue 10,Tampines,OCR,700.0,578.1245403975608,1.0H 2020.0,2.0H 2020.0,7.0
2019-01-21,1H 2019.0,Kampong Java Road,Novena,CCR,,1192.2572745405714,1.0H 2020.0,2.0H 2020.0,7.0
2018-09-27,2H 2018.0,Anchorvale Crescent,Sengkang,OCR,548.0,576.2435702535932,2.0H 2019.0,1.0H 2020.0,7.0
2018-09-10,2H 2018.0,Canberra Link,Sembawang,OCR,496.0,558.2241877686333,2.0H 2019.0,1.0H 2020.0,9.0
2018-09-07,2H 2018.0,Jalan Jurong Kechil,Upper Bukit Timah,RCR,,1002.2659052333214,2.0H 2019.0,1.0H 2020.0,3.0
2018-07-03,2H 2018.0,Hillview Rise,Bukit Batok,OCR,,1067.5841771252267,2.0H 2019.0,1.0H 2020.0,9.0
2018-05-17,1H 2018.0,Mattar Road,Geylang,RCR,,1108.50889685997,1.0H 2019.0,2.0H 2019.0,10.0
2018-05-17,1H 2018.0,Cuscaden Road,Orchard,CCR,,2377.2235182196805,1.0H 2019.0,2.0H 2019.0,9.0
2018-03-07,1H 2018.0,Sumang Walk,Punggol,OCR,820.0,583.0052197193847,1.0H 2019.0,2.0H 2019.0,17.0
2018-02-07,1H 2018.0,West Coast Vale,Clementi,OCR,,800.032701871346,1.0H 2019.0,2.0H 2019.0,6.0
2018-02-07,1H 2018.0,Handy Road / Mount Sophia,Rochor / Museum,CCR,,1722.3508929376037,1.0H 2019.0,2.0H 2019.0,10.0
2018-02-07,1H 2018.0,Chong Kuo Road,Yishun,OCR,,680.8241614803543,1.0H 2019.0,2.0H 2019.0,8.0
2017-12-08,2H 2017.0,Fourth Avenue,Bukit Timah,CCR,,1539.998940905303,2.0H 2018.0,1.0H 2019.0,7.0
2017-08-02,2H 2017.0,Serangoon North Avenue 1,Serangoon,OCR,,964.8101851464755,2.0H 2018.0,1.0H 2019.0,16.0
2017-07-14,2H 2017.0,Woodleigh Lane,Toa Payoh,RCR,,1110.0975389054722,2.0H 2018.0,1.0H 2019.0,15.0
2017-05-23,1H 2017.0,Stirling Road,Queenstown,RCR,,1050.7074102254664,1.0H 2018.0,2.0H 2018.0,13.0
2017-05-03,1H 2017.0,Tampines Avenue 10 (Parcel C),Tampines,OCR,,565.4237168463876,1.0H 2018.0,2.0H 2018.0,9.0
2017-04-18,1H 2017.0,Toh Tuck Road,Upper Bukit Timah,RCR,,939.3092287096417,1.0H 2018.0,2.0H 2018.0,24.0
2017-02-15,1H 2017.0,West Coast Vale,Clementi,OCR,,591.512749549188,1.0H 2018.0,2.0H 2018.0,9.0
2016-12-12,2H 2016.0,Margaret Drive,Queenstown,RCR,,997.8455784189946,2.0H 2017.0,1.0H 2018.0,14.0
2016-09-30,2H 2016.0,Fernvale Road,Sengkang,OCR,,517.0286633760409,2.0H 2017.0,1.0H 2018.0,14.0
2016-09-05,2H 2016.0,Anchorvale Lane,Sengkang,OCR,624.0,355.07074686104414,2.0H 2017.0,1.0H 2018.0,16.0
2016-07-01,2H 2016.0,Martin Place,River Valley,CCR,,1238.9986538348985,2.0H 2017.0,1.0H 2018.0,13.0
2016-04-13,1H 2016.0,Jalan Kandis,Sembawang,OCR,,480.99993403883906,1.0H 2017.0,2.0H 2017.0,9.0
2016-02-29,1H 2016.0,Yio Chu Kang Road,Hougang,OCR,531.0,331.02426244365273,1.0H 2017.0,2.0H 2017.0,10.0
2016-02-26,1H 2016.0,New Upper Changi Road / Bedok South Avenue 3,Bedok,OCR,,760.5544825254021,1.0H 2017.0,2.0H 2017.0,8.0
2016-01-18,1H 2016.0,Siglap Road,Bedok,OCR,,858.0172075017352,1.0H 2017.0,2.0H 2017.0,8.0
2015-12-11,2H 2015.0,Clementi Avenue 1,Clementi,OCR,,615.037658248722,2.0H 2016.0,1.0H 2017.0,6.0
2015-11-17,2H 2015.0,Alexandra View,Commonwealth,RCR,,850.807931318638,2.0H 2016.0,1.0H 2017.0,10.0
2015-11-11,2H 2015.0,Lorong Lew Lian,Serangoon,OCR,,709.9604140131236,2.0H 2016.0,1.0H 2017.0,11.0
2015-08-24,2H 2015.0,Choa Chu Kang Avenue 5,Choa Chu Kang,OCR,497.0,295.1174889449182,2.0H 2016.0,1.0H 2017.0,11.0
2015-08-13,2H 2015.0,West Coast Vale,Clementi,OCR,,551.1538093499481,2.0H 2016.0,1.0H 2017.0,6.0
2015-05-04,1H 2015.0,Tampines Avenue 10,Tampines,OCR,,482.58764705390513,1.0H 2016.0,2.0H 2016.0,12.0
2015-03-31,1H 2015.0,Sturdee Road,Kallang,RCR,,786.9203662981204,1.0H 2016.0,2.0H 2016.0,16.0
2015-03-12,1H 2015.0,Jurong West Street 41,Jurong West,OCR,,630.1344028331713,1.0H 2016.0,2.0H 2016.0,9.0
2015-02-23,1H 2015.0,Woodlands Avenue 12,Woodlands,OCR,358.0,277.98163973236524,1.0H 2016.0,2.0H 2016.0,7.0
2015-02-05,1H 2015.0,Anchorvale Crescent,Sengkang,OCR,504.0,280.03877531241017,1.0H 2016.0,2.0H 2016.0,3.0
2014-11-28,2H 2014.0,Upper Serangoon Road,Hougang,OCR,,848.8430319465698,2.0H 2015.0,1.0H 2016.0,11.0
2014-10-13,2H 2014.0,Lorong Puntong,Bishan,RCR,,731.1014306139684,2.0H 2015.0,1.0H 2016.0,18.0
2014-10-02,2H 2014.0,Sembawang Road / Canberra Link,Sembawang,OCR,632.0,353.00837483492046,2.0H 2015.0,1.0H 2016.0,2.0
2014-09-09,2H 2014.0,Choa Chu Kang Drive,Choa Chu Kang,OCR,534.0,361.08025768325666,2.0H 2015.0,1.0H 2016.0,8.0
2014-08-08,2H 2014.0,Fernvale Road,Sengkang,OCR,,438.1669857886215,2.0H 2015.0,1.0H 2016.0,4.0
2014-08-08,2H 2014.0,Fernvale Road,Sengkang,OCR,,448.35380451898993,2.0H 2015.0,1.0H 2016.0,3.0
2014-07-14,2H 2014.0,Sembawang Avenue,Sembawang,OCR,628.0,320.1083329262173,2.0H 2015.0,1.0H 2016.0,4.0
2014-05-26,1H 2014.0,Yishun Street 51 (Parcel B),Yishun,OCR,525.0,334.56967985511983,1.0H 2015.0,2.0H 2015.0,8.0
2014-05-26,1H 2014.0,Yishun Street 51 (Parcel A),Yishun,OCR,505.0,330.1286792530723,1.0H 2015.0,2.0H 2015.0,6.0
2014-04-21,1H 2014.0,Prince Charles Crescent,Bukit Merah,RCR,,820.649745306306,1.0H 2015.0,2.0H 2015.0,7.0
2014-03-13,1H 2014.0,Yishun Avenue 9 / Yishun Avenue 6,Yishun,OCR,,450.0595043994237,1.0H 2015.0,2.0H 2015.0,5.0
2014-03-03,1H 2014.0,Choa Chu Kang Grove (Parcel A),Choa Chu Kang,OCR,1327.0,375.0484473368724,1.0H 2015.0,2.0H 2015.0,7.0
2014-02-19,1H 2014.0,Anchorvale Crescent,Sengkang,OCR,517.0,366.9119864736696,1.0H 2015.0,2.0H 2015.0,12.0
2014-01-29,1H 2014.0,Canberra Drive,Sembawang,OCR,638.0,350.04451155747705,1.0H 2015.0,2.0H 2015.0,6.0
2014-01-24,1H 2014.0,Geylang East Avenue 1,Geylang,RCR,,775.9559490928483,1.0H 2015.0,2.0H 2015.0,16.0
2014-01-15,1H 2014.0,Upper Paya Lebar Road,Serangoon,RCR,,648.2950897954368,1.0H 2015.0,2.0H 2015.0,7.0
2014-01-14,1H 2014.0,Westwood Avenue,Jurong West,OCR,480.0,381.8059909448148,1.0H 2015.0,2.0H 2015.0,12.0
2013-12-02,2H 2013.0,Upper Serangoon View,Hougang,OCR,,522.4309753611839,2.0H 2014.0,1.0H 2015.0,8.0
2013-12-02,2H 2013.0,Upper Serangoon View,Hougang,OCR,,522.4384076046715,2.0H 2014.0,1.0H 2015.0,8.0
2013-09-12,2H 2013.0,Mount Sophia,River Valley,CCR,,1156.5286220341866,2.0H 2014.0,1.0H 2015.0,9.0
2013-08-02,2H 2013.0,Punggol Central / Edgedale Plains,Punggol,OCR,378.0,356.13962278361794,2.0H 2014.0,1.0H 2015.0,8.0
2013-08-02,2H 2013.0,Yuan Ching Road / Tao Ching Road,Jurong West,OCR,546.0,418.53185670313457,2.0H 2014.0,1.0H 2015.0,16.0
2013-08-02,2H 2013.0,Punggol Drive / Edgedale Plains,Punggol,OCR,747.0,355.1697064340066,2.0H 2014.0,1.0H 2015.0,6.0
2013-07-19,2H 2013.0,Tampines Avenue 10,Tampines,OCR,,562.0086009637762,2.0H 2014.0,1.0H 2015.0,10.0
2013-06-20,1H 2013.0,Faber Walk,Clementi,OCR,,687.4193485452777,1.0H 2014.0,2.0H 2014.0,18.0
2013-05-31,1H 2013.0,Anchorvale Crescent,Sengkang,OCR,651.0,330.6503178700786,1.0H 2014.0,2.0H 2014.0,6.0
2013-05-13,1H 2013.0,Woodlands Avenue 5 / Woodlands Avenue 6,Woodlands,OCR,561.0,341.2069375555151,1.0H 2014.0,2.0H 2014.0,7.0
2013-04-23,1H 2013.0,Kim Tian Road,Bukit Merah,RCR,,1162.8571773639876,1.0H 2014.0,2.0H 2014.0,11.0
2013-01-31,1H 2013.0,Jurong West Street 41,Jurong West,OCR,,651.33209029061,1.0H 2014.0,2.0H 2014.0,12.0
2013-01-09,1H 2013.0,Ang Mo Kio Avenue 2 / Ang Mo Kio Street 13,Ang Mo Kio,OCR,,789.894192723648,1.0H 2014.0,2.0H 2014.0,12.0
2012-12-17,2H 2012.0,Sembawang Crescent / Sembawang Drive,Sembawang,OCR,506.0,323.7549610628735,2.0H 2013.0,1.0H 2014.0,8.0
2012-12-17,2H 2012.0,Alexandra Road / Alexandra View,Bukit Merah,RCR,,970.1790520359239,2.0H 2013.0,1.0H 2014.0,6.0
2012-12-10,2H 2012.0,Punggol Field Walk / Punggol East,Punggol,OCR,373.0,350.8702644140237,2.0H 2013.0,1.0H 2014.0,7.0
2012-11-26,2H 2012.0,Pasir Ris Drive 3 / Pasir Ris Rise,Pasir Ris,OCR,495.0,331.07715956744204,2.0H 2013.0,1.0H 2014.0,10.0
2012-11-12,2H 2012.0,Sengkang West Way / Fernvale Link (Parcel B),Sengkang,OCR,380.0,296.4825290614784,2.0H 2013.0,1.0H 2014.0,6.0
2012-10-22,2H 2012.0,New Upper Changi Road / Bedok Road,Bedok,OCR,,791.4178026386323,2.0H 2013.0,1.0H 2014.0,11.0
2012-10-16,2H 2012.0,Woodlands Avenue 6 / Woodlands Drive 16,Woodlands,OCR,418.0,301.8966963485141,2.0H 2013.0,1.0H 2014.0,5.0
2012-09-25,2H 2012.0,Prince Charles Crescent / Prince Charles Square,Bukit Merah,RCR,,960.2746585580891,2.0H 2013.0,1.0H 2014.0,8.0
2012-09-25,2H 2012.0,Dairy Farm Road,Bukit Panjang,OCR,,616.0038499021266,2.0H 2013.0,1.0H 2014.0,9.0
2012-09-06,2H 2012.0,Punggol Way/ Punggol Walk,Punggol,OCR,512.0,313.62821727237343,2.0H 2013.0,1.0H 2014.0,3.0
2012-09-03,2H 2012.0,Farrer Road,Bukit Timah,CCR,,1107.794472454712,2.0H 2013.0,1.0H 2014.0,15.0
2012-08-06,2H 2012.0,Tanah Merah Kechil Road,Bedok,OCR,,676.0220031568455,2.0H 2013.0,1.0H 2014.0,13.0
2012-07-04,2H 2012.0,Pheng Geck Avenue / Tai Thong Crescent,Toa Payoh,RCR,,628.2187420742091,2.0H 2013.0,1.0H 2014.0,13.0
2012-06-27,1H 2012.0,Farrer Drive,Tanglin,OCR,,1048.5167564574583,1.0H 2013.0,2.0H 2013.0,6.0
2012-06-15,1H 2012.0,Buangkok Drive / Sengkang Central,Sengkang,OCR,,508.22052581264614,1.0H 2013.0,2.0H 2013.0,5.0
2012-06-11,1H 2012.0,Pasir Ris Drive 3,Pasir Ris,OCR,,418.2569345154317,1.0H 2013.0,2.0H 2013.0,5.0
2012-05-31,1H 2012.0,Boon Lay Way,Jurong East,OCR,,705.1006558025848,1.0H 2013.0,2.0H 2013.0,12.0
2012-05-21,1H 2012.0,Tampines Avenue 10,Tampines,OCR,,417.8602385192742,1.0H 2013.0,2.0H 2013.0,3.0
2012-05-14,1H 2012.0,"Tampines
Central 7 /",Tampines,OCR,514.0,373.4034681256049,1.0H 2013.0,2.0H 2013.0,6.0
2012-05-07,1H 2012.0,,Woodlands,OCR,653.0,317.6505133844449,1.0H 2013.0,2.0H 2013.0,5.0
2012-04-05,1H 2012.0,"Fernvale
Lane",Sengkang,OCR,700.0,295.60221153056415,1.0H 2013.0,2.0H 2013.0,4.0
2012-04-02,1H 2012.0,"Punggol
Central/
Edgefield
Plains",Punggol,OCR,383.0,319.6911260355149,1.0H 2013.0,2.0H 2013.0,10.0
2012-03-07,1H 2012.0,Hillview Avenue,Bukit Batok,OCR,,638.0051486866762,1.0H 2013.0,2.0H 2013.0,7.0
2012-03-06,1H 2012.0,"Upper
Serangoon
View/ Upper
Serangoon
Road",Hougang,OCR,394.0,303.0462668721122,1.0H 2013.0,2.0H 2013.0,7.0
2012-02-14,1H 2012.0,Bedok South Avenue 3,Bedok,OCR,,534.214797410978,1.0H 2013.0,2.0H 2013.0,7.0
2012-02-08,1H 2012.0,Jervois Road,Tanglin,CCR,,880.7347887524144,1.0H 2013.0,2.0H 2013.0,17.0
2012-01-26,1H 2012.0,Kovan Road / Simon Road,Hougang,OCR,,506.58264515403795,1.0H 2013.0,2.0H 2013.0,11.0
2012-01-16,1H 2012.0,Mount Vernon Road,Toa Payoh,RCR,,495.012500104516,1.0H 2013.0,2.0H 2013.0,5.0
2011-12-08,2H 2011.0,Alexandra Road / Alexandra View,Bukit Merah,RCR,,754.3801462479713,2.0H 2012.0,1.0H 2013.0,7.0
2011-11-30,2H 2011.0,Chestnut Avenue,Bukit Panjang,OCR,,425.8461841468389,2.0H 2012.0,1.0H 2013.0,12.0
2011-10-31,2H 2011.0,"Yishun
Avenue 7 /
Canberra
Drive",Yishun,OCR,665.0,292.5712134553578,2.0H 2012.0,1.0H 2013.0,8.0
2011-10-25,2H 2011.0,Flora Drive,Pasir Ris,OCR,,361.1624400426982,2.0H 2012.0,1.0H 2013.0,8.0
2011-10-12,2H 2011.0,"Pasir Ris
Drive 3/ Pasir
Ris Link",Pasir Ris,OCR,416.0,291.0232701612176,2.0H 2012.0,1.0H 2013.0,11.0
2011-10-10,2H 2011.0,Jalan Loyang Besar / Pasir Ris Rise,Pasir Ris,OCR,,360.99893068596833,2.0H 2012.0,1.0H 2013.0,13.0
2011-08-15,2H 2011.0,Upper Serangoon Road / Pheng Geck Avenue,Toa Payoh,RCR,,567.3142937835787,2.0H 2012.0,1.0H 2013.0,15.0
2011-07-08,2H 2011.0,"Punggol
Way/
Punggol
Field",Punggol,OCR,728.0,270.08295004156713,2.0H 2012.0,1.0H 2013.0,3.0
2011-07-04,2H 2011.0,Choa Chu Kang Road / Phoenix Road,Bukit Batok,OCR,,410.5357625621174,2.0H 2012.0,1.0H 2013.0,5.0
2011-06-28,1H 2011.0,West Coast Link / West Coast Crescent,Clementi,OCR,,460.577057964996,1.0H 2012.0,2.0H 2012.0,12.0
2011-06-17,1H 2011.0,Flora Drive,Pasir Ris,OCR,,325.0928333663139,1.0H 2012.0,2.0H 2012.0,4.0
2011-06-10,1H 2011.0,Woodlands Avenue 2 / Rosewood Drive,Woodlands,OCR,,367.17233793296305,1.0H 2012.0,2.0H 2012.0,3.0
2011-05-12,1H 2011.0,Jalan Loyang Besar / Pasir Ris Drive 4,Pasir Ris,OCR,,402.4123204300296,1.0H 2012.0,2.0H 2012.0,3.0
2011-04-15,1H 2011.0,"Tampines
Central 7",Tampines,OCR,670.0,392.44534269571653,1.0H 2012.0,2.0H 2012.0,4.0
2011-04-01,1H 2011.0,Bartley Road / Lorong How Sun,Serangoon,OCR,,620.6109118340826,1.0H 2012.0,2.0H 2012.0,8.0
2011-03-31,1H 2011.0,"Choa Chu
Kang Drive",Choa Chu Kang,OCR,466.0,320.8601088026372,1.0H 2012.0,2.0H 2012.0,6.0
2011-03-04,1H 2011.0,Bedok Reservoir Road,Bedok,OCR,,465.43867423640665,1.0H 2012.0,2.0H 2012.0,8.0
2010-12-16,2H 2010.0,Seletar Road,Serangoon,OCR,,467.57544423912873,2.0H 2011.0,1.0H 2012.0,11.0
2010-12-10,2H 2010.0,Punggol Central / Punggol Walk,Punggol,OCR,,406.3161063219592,2.0H 2011.0,1.0H 2012.0,7.0
2010-12-03,2H 2010.0,Segar Road,Bukit Panjang,OCR,602.0,270.5090950520894,2.0H 2011.0,1.0H 2012.0,5.0
2010-11-25,2H 2010.0,"Tampines
Avenue 8",Tampines,OCR,574.0,302.1445585844367,2.0H 2011.0,1.0H 2012.0,6.0
2010-10-25,2H 2010.0,"Pasir Ris
Drive 1/ Elias
Road",Pasir Ris,OCR,315.0,262.61757714739406,2.0H 2011.0,1.0H 2012.0,6.0
2010-10-11,2H 2010.0,Petir Road,Bukit Panjang,OCR,,345.050265191738,2.0H 2011.0,1.0H 2012.0,9.0
2010-09-27,2H 2010.0,"Punggol
Drive/
Punggol East",Punggol,OCR,504.0,236.99174221357865,2.0H 2011.0,1.0H 2012.0,4.0
2010-09-08,2H 2010.0,Jalan Eunos,Bedok,OCR,,414.5733288368261,2.0H 2011.0,1.0H 2012.0,5.0
2010-06-17,1H 2010.0,Punggol Field / Punggol Road,Punggol,OCR,680.0,307.9798655137632,1.0H 2011.0,2.0H 2011.0,5.0
2010-06-15,1H 2010.0,Upper Serangoon Road / Pheng Geck Avenue,Toa Payoh,RCR,,607.2012865213477,1.0H 2011.0,2.0H 2011.0,15.0
2010-05-27,1H 2010.0,"Sengkang
East Ave /
Buangkok
Drive",Sengkang,OCR,540.0,320.58236455515345,1.0H 2011.0,2.0H 2011.0,7.0
2010-05-25,1H 2010.0,Hougang Avenue 2,Hougang,OCR,,456.00994434178654,1.0H 2011.0,2.0H 2011.0,7.0
2010-05-14,1H 2010.0,Simei Street 3,Tampines,OCR,,522.97538719666,1.0H 2011.0,2.0H 2011.0,18.0
2010-05-06,1H 2010.0,Boon Lay Way / Lakeside Drive,Jurong West,OCR,,498.97667297478336,1.0H 2011.0,2.0H 2011.0,14.0
2010-04-30,1H 2010.0,Upper Changi Road North / Flora Drive,Pasir Ris,OCR,,320.77284183907153,1.0H 2011.0,2.0H 2011.0,6.0
2010-03-19,1H 2010.0,Tampines Avenue 1 / Avenue 10,Tampines,OCR,,420.9241808970904,1.0H 2011.0,2.0H 2011.0,8.0
2010-03-15,1H 2010.0,"Yishun
Avenue 11",Yishun,OCR,406.0,281.2994577784717,1.0H 2011.0,2.0H 2011.0,10.0
2010-03-05,1H 2010.0,"Compassvale
Bow",Sengkang,OCR,573.0,315.023104356456,1.0H 2011.0,2.0H 2011.0,11.0
2009-11-09,2H 2009.0,Upper Thomson Road,Yishun,OCR,,533.3396507402979,2.0H 2010.0,1.0H 2011.0,6.0
2009-10-09,2H 2009.0,Serangoon Avenue 3,Serangoon,OCR,,528.8830917389686,2.0H 2010.0,1.0H 2011.0,15.0
2009-09-09,2H 2009.0,Dakota Crescent,Geylang,RCR,,508.03100360370905,2.0H 2010.0,1.0H 2011.0,13.0
2008-09-10,2H 2008.0,New Upper Changi Road / Tanah Merah Kechil Avenue,Bedok,OCR,,282.2162206856059,2.0H 2009.0,1.0H 2010.0,7.0
2008-06-25,1H 2008.0,Woodleigh Close,Toa Payoh,RCR,,270.02176718311466,1.0H 2009.0,2.0H 2009.0,6.0
2008-05-28,1H 2008.0,Choa Chu Kang Drive,Choa Chu Kang,OCR,,202.5880929885144,1.0H 2009.0,2.0H 2009.0,5.0
2008-03-28,1H 2008.0,West Coast Crescent,Clementi,OCR,,305.3630139977016,1.0H 2009.0,2.0H 2009.0,12.0
2008-01-08,1H 2008.0,Simei Street 4,Tampines,OCR,,296.0123226597027,1.0H 2009.0,2.0H 2009.0,3.0
2007-12-28,2H 2007.0,Alexandra Road / Alexandra View,Bukit Merah,RCR,,638.8180503181466,2.0H 2008.0,1.0H 2009.0,6.0
2007-12-17,2H 2007.0,Boon Lay Way / Lakeside Drive,Jurong West,OCR,,248.0056039115898,2.0H 2008.0,1.0H 2009.0,2.0
2007-07-19,2H 2007.0,Woodsville Close,Toa Payoh,RCR,,434.4675865926044,2.0H 2008.0,1.0H 2009.0,8.0
2006-07-25,2H 2006.0,Sinaran Drive,Novena,CCR,,506.6783352889424,2.0H 2007.0,1.0H 2008.0,4.0
2005-11-21,2H 2005.0,Alexandra Road / Tiong Bahru Road,Bukit Merah,RCR,,350.2909258810228,2.0H 2006.0,1.0H 2007.0,12.0
2004-06-15,1H 2004.0,"Woodlands
Dr 16 /
Woodlands
Dr 53",Woodlands,OCR,444.0,149.83264548008972,1.0H 2005.0,2.0H 2005.0,6.0
2003-10-08,2H 2003.0,Jellicoe Road,Kallang,RCR,,244.76050059876013,2.0H 2004.0,1.0H 2005.0,3.0
2002-10-25,2H 2002.0,"Choa Chu
Kang Street
64",Choa Chu Kang,OCR,459.0,160.05091911192392,2.0H 2003.0,1.0H 2004.0,8.0
2002-04-25,1H 2002.0,"Pasir Ris
Street 72",Pasir Ris,OCR,397.0,138.80878041637854,1.0H 2003.0,2.0H 2003.0,4.0
2001-10-23,2H 2001.0,"Pasir Ris
Drive 4",Pasir Ris,OCR,274.0,135.01488329356775,2.0H 2002.0,1.0H 2003.0,5.0
2001-02-01,1H 2001.0,"Ang Mo Kio
Ave 6 / Ave 9",Ang Mo Kio,OCR,297.0,160.3005229976854,1.0H 2002.0,2.0H 2002.0,1.0
2000-09-15,2H 2000.0,Bishan St.11,Bishan,RCR,384.0,211.94962750480988,2.0H 2001.0,1.0H 2002.0,5.0
2000-09-15,2H 2000.0,"Bukit Batok
St.21",Bukit Batok,OCR,248.0,148.84396066955642,2.0H 2001.0,1.0H 2002.0,1.0
2000-07-11,2H 2000.0,Upper Serangoon Road,Serangoon,OCR,,286.1292968818952,2.0H 2001.0,1.0H 2002.0,6.0
2000-06-15,1H 2000.0,"Tampines
Street 34",Tampines,OCR,430.0,159.8701919554408,1.0H 2001.0,2.0H 2001.0,3.0
2000-06-15,1H 2000.0,"Yishun
Avenue 6",Yishun,OCR,318.0,138.47911972662297,1.0H 2001.0,2.0H 2001.0,1.0
2000-03-23,1H 2000.0,Bukit Batok East Avenue 2,Bukit Batok,OCR,,238.01295254233824,1.0H 2001.0,2.0H 2001.0,5.0
2000-03-23,1H 2000.0,Jalan Pari Dedap,Bedok,OCR,,263.0001551480828,1.0H 2001.0,2.0H 2001.0,9.0
2000-03-23,1H 2000.0,Rosewood Drive / Woodlands Avenue 1,Woodlands,OCR,,226.17060157507825,1.0H 2001.0,2.0H 2001.0,9.0
1997-12-22,2H 1997.0,Hougang Street 11,Hougang,OCR,,171.05958708313244,2.0H 1998.0,1.0H 1999.0,5.0
1997-11-04,2H 1997.0,Tanjong Rhu Road,Kallang,RCR,,276.20353570403324,2.0H 1998.0,1.0H 1999.0,6.0
1997-11-04,2H 1997.0,Tanah Merah Kechil Road,Bedok,OCR,,281.21100975389055,2.0H 1998.0,1.0H 1999.0,6.0
1997-11-04,2H 1997.0,Tanah Merah Kechil Road,Bedok,OCR,,281.2230871495581,2.0H 1998.0,1.0H 1999.0,6.0
1997-11-04,2H 1997.0,Beatty Road,Kallang,RCR,,252.5717885043632,2.0H 1998.0,1.0H 1999.0,3.0
1997-09-18,2H 1997.0,"Jurong West
Street 81",Jurong West,OCR,794.0,156.26001578796593,2.0H 1998.0,1.0H 1999.0,5.0
1997-09-18,2H 1997.0,"Hougang
Avenue 7",Hougang,OCR,496.0,199.1038493032134,2.0H 1998.0,1.0H 1999.0,4.0
1997-09-18,2H 1997.0,"Woodlands
Avenue 7",Woodlands,OCR,720.0,180.9801231943764,2.0H 1998.0,1.0H 1999.0,4.0
1997-07-28,2H 1997.0,Haig Road / Dunman Road,Geylang,RCR,,338.03794346106577,2.0H 1998.0,1.0H 1999.0,14.0
1997-07-28,2H 1997.0,Newton Road / Lincoln Road,Novena,CCR,,611.9040385882082,2.0H 1998.0,1.0H 1999.0,10.0
1997-06-25,1H 1997.0,"Boon Lay
Way",Jurong West,OCR,432.0,219.6179431461917,1.0H 1998.0,2.0H 1998.0,19.0
1997-06-25,1H 1997.0,"Woodlands
Avenue 7",Woodlands,OCR,696.0,192.13772522080305,1.0H 1998.0,2.0H 1998.0,13.0
1997-04-21,1H 1997.0,Bedok Reservoir Road,Bedok,OCR,,260.0040319920921,1.0H 1998.0,2.0H 1998.0,9.0
1997-04-21,1H 1997.0,Bishan Street 21,Bishan,RCR,,403.17226732664994,1.0H 1998.0,2.0H 1998.0,7.0
1997-04-21,1H 1997.0,Geylang East Avenue 1,Geylang,RCR,,257.3386436713053,1.0H 1998.0,2.0H 1998.0,9.0
1997-02-04,1H 1997.0,Bayshore Road / East Coast Parkway,Bedok,OCR,,456.50604659459253,1.0H 1998.0,2.0H 1998.0,9.0
1996-12-18,2H 1996.0,Tanjong Rhu Road,Kallang,RCR,,286.626328165137,2.0H 1997.0,1.0H 1998.0,2.0
1996-09-16,2H 1996.0,Trevose Crescent / Whitley Road,Novena,CCR,,499.74591017576336,2.0H 1997.0,1.0H 1998.0,7.0
1996-07-12,2H 1996.0,Bishan Road,Bishan,RCR,,456.2802921986527,2.0H 1997.0,1.0H 1998.0,16.0
1996-06-10,1H 1996.0,Eastwood Park,Bedok,OCR,,299.9281859472998,1.0H 1997.0,2.0H 1997.0,9.0
1996-06-10,1H 1996.0,Marymount Road,Bishan,RCR,,366.0147660097493,1.0H 1997.0,2.0H 1997.0,14.0
1996-03-15,1H 1996.0,Bedok Reservoir Road,Bedok,OCR,,279.9986250349548,1.0H 1997.0,2.0H 1997.0,5.0
1996-03-15,1H 1996.0,Hillview Avenue / Bukit Batok Town Park,Bukit Batok,OCR,,235.05770672553004,1.0H 1997.0,2.0H 1997.0,3.0
1996-03-15,1H 1996.0,Tanjong Rhu Road,Kallang,RCR,,378.1181745295158,1.0H 1997.0,2.0H 1997.0,10.0
1995-08-10,2H 1995.0,Bukit Batok East Avenue 2,Bukit Batok,OCR,,191.0114447259407,2.0H 1996.0,1.0H 1997.0,5.0
1994-11-15,2H 1994.0,Jalan Hajijah,Bedok,OCR,,391.39587752034345,2.0H 1995.0,1.0H 1996.0,7.0
1994-11-15,2H 1994.0,Jalan Sempadan,Bedok,OCR,,359.12507629662457,2.0H 1995.0,1.0H 1996.0,5.0
1993-03-02,1H 1993.0,Tanjong Rhu Road,Kallang,RCR,,150.8894072878722,1.0H 1994.0,2.0H 1994.0,10.0
1993-03-02,1H 1993.0,Bayshore Road,Bedok,OCR,,121.79310306384949,1.0H 1994.0,2.0H 1994.0,9.0
