Actual PSF ($),Predicted PSF ($),Error ($),Error (%)
2409,2255.557945448544,-153.44205455145584,-6.369533190180815
1670,1671.941777230442,1.941777230442085,0.11627408565521467
1914,1896.8647450882445,-17.13525491175551,-0.8952588773122001
1437,1620.3741411114734,183.37414111147336,12.760900564472747
1357,1384.7739454064454,27.773945406445364,2.0467166843364306
2286,2301.3587363021807,15.35873630218066,0.6718607306290753
1790,1739.53926568203,-50.46073431797004,-2.8190354367581025
2107,2033.6057730297402,-73.39422697025975,-3.4833520156744067
1854,1780.2903183289707,-73.70968167102933,-3.9757109854924124
1751,1877.7607643629117,126.76076436291169,7.239335486174283
1267,1360.46385684147,93.46385684147003,7.376784281094714
2047,1914.965063292178,-132.034936707822,-6.450167889976649
1836,1906.5174403262783,70.51744032627835,3.8408191898844417
2395,2286.2678722649907,-108.73212773500927,-4.539963579749865
1567,1571.4836876915354,4.483687691535351,0.28613195223582333
1752,1873.3395214082936,121.33952140829365,6.925771769879773
1809,1869.8137295809279,60.813729580927884,3.361731872909225
1495,1591.0218321091425,96.02183210914245,6.422865024022907
1764,1843.1137873111293,79.11378731112927,4.484908577728416
995,1619.8182641792303,624.8182641792303,62.795805445148766
1547,1663.5381335842417,116.53813358424168,7.533169591741544
2738,2762.9919059459053,24.991905945905273,0.9127796181849991
1728,1839.440237606661,111.44023760666096,6.4490878244595455
1215,1130.4396503928172,-84.56034960718284,-6.959699556146736
3290,2967.7788947903955,-322.2211052096045,-9.793954565641474
1457,1480.0100611168739,23.010061116873885,1.5792766724004041
1948,1924.000808518471,-23.999191481528896,-1.231991349154461
2218,1973.0076062855896,-244.99239371441035,-11.045644441587482
1085,1071.275284438368,-13.72471556163191,-1.2649507430075493
1954,1786.2027576438586,-167.7972423561414,-8.587371666128014
2416,2351.0832549097427,-64.91674509025734,-2.6869513696298566
1231,1189.1309525075308,-41.869047492469235,-3.4012223795669567
1389,1399.7524446958084,10.752444695808435,0.7741140889710897
2060,2103.3847061087054,43.38470610870536,2.1060536945973474
2104,2065.8486477518254,-38.15135224817459,-1.8132771981071574
1221,1274.1366155360893,53.136615536089266,4.3518931642988745
1424,1384.4554180634177,-39.54458193658229,-2.7770071584678573
1259,1284.1619451800923,25.16194518009229,1.9985659396419608
1642,1711.1136159766154,69.11361597661539,4.209111813435773
1675,1509.460739057239,-165.53926094276108,-9.882940951806631
1567,1471.0818571062596,-95.91814289374042,-6.121132284220831
1872,1892.3213659113467,20.321365911346675,1.0855430508198012
2742,2699.8853518518517,-42.11464814814826,-1.5359098522300607
1799,1797.2017389952093,-1.7982610047906746,-0.0999589218894205
1476,1379.912987409105,-96.08701259089503,-6.509960202635165
1610,1599.7884571909572,-10.21154280904284,-0.6342573173318534
1847,1833.0220607787267,-13.977939221273346,-0.7567915117094394
1411,1352.9105810485812,-58.08941895141879,-4.116897161688079
1699,1611.6275932270971,-87.37240677290288,-5.142578385691753
2265,2150.3151885705265,-114.68481142947348,-5.063347082978962
1176,1243.0295725948772,67.02957259487721,5.699793587999763
1526,1526.4075062706538,0.40750627065381195,0.026704211707327126
1844,1846.3944659905699,2.39446599056987,0.12985173484652224
2323,2155.6098682613683,-167.39013173863168,-7.205774073983284
2735,2598.7804292004303,-136.21957079956974,-4.980605879326133
1138,1210.1325239402638,72.13252394026381,6.338534616894886
1510,1672.3280700187124,162.32807001871242,10.750203312497511
1693,1699.4337086202222,6.433708620222205,0.38001822919209716
2457,2567.133934583934,110.1339345839342,4.482455620021742
1822,1834.1114940059938,12.11149400599379,0.6647362242587153
2871,2761.8411055796064,-109.15889442039361,-3.802121017777555
2313,2250.501905890406,-62.49809410959415,-2.7020360618069237
1198,1143.9635955285805,-54.03640447141947,-4.510551291437351
1608,1702.7408229338191,94.74082293381912,5.891842222252433
1309,1326.8734191266246,17.87341912662464,1.365425448940003
1176,1204.9315132275128,28.931513227512824,2.460162689414356
2234,2178.640262756596,-55.3597372434042,-2.4780544871711814
1672,1561.3405154970048,-110.65948450299516,-6.618390221471001
1753,1725.1099268017733,-27.890073198226673,-1.5909910552325541
2635,2709.243124098124,74.2431240981241,2.817575867101484
1284,1423.7399817774815,139.7399817774815,10.883176150894197
2030,2006.3096160100931,-23.690383989906877,-1.167013989650585
1609,1706.1680935557774,97.16809355577743,6.039036268227311
1701,1717.5428657758362,16.542865775836162,0.9725376705371054
1964,1948.9330633743782,-15.066936625621793,-0.767155632669134
1535,1488.8316684526671,-46.168331547332855,-3.007708895591717
1941,1996.2986451521178,55.29864515211784,2.84897708151045
1785,1974.0673983935772,189.06739839357715,10.592011114486114
1991,1837.657013949014,-153.34298605098593,-7.7018074360113475
1011,1047.480192807193,36.48019280719291,3.6083276762802083
1216,1295.925556115398,79.92555611539797,6.572825338437332
1841,1955.0541430606434,114.05414306064336,6.195227759948037
1350,1266.1430255257812,-83.85697447421876,-6.2116277388310195
1267,1232.6664308824913,-34.33356911750866,-2.709831816693659
1544,1556.1994632699639,12.199463269963871,0.7901206781064685
1999,1897.0916734312261,-101.90832656877387,-5.0979653110942404
1507,1422.590086006586,-84.40991399341397,-5.601188718872858
1221,1322.9664777537275,101.96647775372753,8.351062879093165
2233,2130.2531176077932,-102.74688239220677,-4.601293434492018
1799,1869.12745911496,70.12745911495995,3.8981355817098358
1082,1148.7119500473952,66.71195004739525,6.165614606968138
1947,1928.1392115019441,-18.860788498055854,-0.9687102464332745
1381,1340.7234497660638,-40.27655023393618,-2.9164772073813308
1538,1430.4121748436748,-107.58782515632515,-6.9953072273293335
1672,1620.0334853571885,-51.96651464281149,-3.1080451341394433
2139,2226.5526190476203,87.55261904762028,4.093156570716236
2023,2165.198741430224,142.1987414302239,7.02910239398042
1232,1220.461617200005,-11.538382799994906,-0.936557045454132
1637,1611.8313585858593,-25.168641414140666,-1.537485730857707
2102,2187.3566678876673,85.3566678876673,4.060735865255342
1015,1061.4003692973688,46.4003692973688,4.5714649554057925
1969,1967.932364050014,-1.06763594998597,-0.05422224225423921
1822,1878.3637924558957,56.36379245589569,3.0935122094344507
1500,1479.575183587205,-20.424816412795053,-1.3616544275196703
1760,1556.682579211478,-203.31742078852199,-11.552126181166022
1740,1874.4334417989412,134.4334417989412,7.7260598735023684
1979,1993.429822751323,14.429822751322945,0.7291471829875161
1695,1757.9992269360278,62.99922693602775,3.7167685507980974
1512,1595.19108991009,83.19108991009011,5.5020562109847955
2890,2690.0253981573983,-199.97460184260171,-6.919536395937776
1800,1823.6411216931215,23.641121693121477,1.3133956496178598
1752,1830.6512340067334,78.65123400673338,4.489225685315832
2348,2372.398915824916,24.398915824916003,1.0391361083865418
1070,1052.689743981944,-17.310256018055952,-1.6177809362669116
1004,1050.143449326708,46.14344932670792,4.595961088317522
3346,3282.3713788618797,-63.62862113812025,-1.9016324309061643
1118,1129.1902116402118,11.190211640211828,1.0009133846343317
1453,1458.8527119965472,5.852711996547214,0.4028019268098564
1658,1646.2649631021995,-11.735036897800455,-0.7077826838239116
1207,1121.6219836794871,-85.37801632051287,-7.073572188940585
2030,2004.6119728049732,-25.38802719502678,-1.2506417337451616
1802,1876.3784884559884,74.37848845598842,4.127552078578713
2730,2612.5586819476807,-117.44131805231928,-4.301879782136237
2007,1928.3173092207037,-78.68269077929631,-3.9204130931388295
1652,1574.2079809603044,-77.79201903969556,-4.708959990296342
1933,1653.422271524771,-279.5777284752289,-14.463410681594874
1425,1455.5794583679644,30.579458367964435,2.145926903015048
1442,1405.7249853953392,-36.27501460466078,-2.5156043415160045
1693,1703.0977416768412,10.097741676841224,0.5964407369664042
1363,1450.0110824251974,87.0110824251974,6.383791814027689
2053,2006.3860618085607,-46.613938191439274,-2.2705279196999157
1085,1066.1836164465167,-18.81638355348332,-1.7342288989385546
2383,2336.470588023088,-46.52941197691189,-1.9525561047801885
1778,1795.395148948497,17.39514894849708,0.9783548339987109
2245,2313.2721221088273,68.27212210882726,3.0410744814622386
1615,1548.2930314082948,-66.70696859170516,-4.130462451498771
2682,2742.3641794131795,60.3641794131795,2.25071511607679
1275,1331.6293579998435,56.62935799984348,4.441518274497527
1459,1507.4158243095926,48.41582430959261,3.3184252439748185
2357,2165.7268880315987,-191.27311196840128,-8.115108696156186
1753,1844.367288119288,91.3672881192881,5.212052944625676
991,1046.1138922305763,55.11389223057631,5.561442202883583
2800,2655.330517445517,-144.66948255448278,-5.16676723408867
959,968.8507405372407,9.850740537240654,1.0271887942899536
1193,1052.643563973064,-140.35643602693608,-11.764998828745691
947,1068.1429513638416,121.14295136384158,12.792286310859724
1686,1628.731262356467,-57.268737643533086,-3.3967222801621046
1770,1860.520015151515,90.52001515151505,5.11412514980311
1932,1933.6014392759585,1.6014392759584553,0.08289023167486828
1787,1719.5559053088014,-67.44409469119864,-3.7741519133295265
1614,1547.2914060723022,-66.70859392769785,-4.133122300353027
2074,2171.377848099516,97.37784809951609,4.69517107519364
2182,2356.628861878862,174.62886187886215,8.003155906455644
2258,2358.5047427202417,100.50474272024167,4.451051493367656
2482,2516.844812650313,34.84481265031309,1.4039005902624129
1760,1766.4358727008546,6.435872700854588,0.36567458527582886
1922,1991.428903757243,69.428903757243,3.612325897879449
1628,1599.9915367965368,-28.00846320346318,-1.7204215726942984
1524,1467.03486014911,-56.965139850889955,-3.737870068956034
2066,1966.2997640692645,-99.70023593073552,-4.825761661700654
1234,1249.177123240688,15.177123240687934,1.229912742357207
1366,1377.4865068248243,11.486506824824346,0.8408862975713284
2328,1967.3972517246016,-360.6027482753984,-15.489808774716426
2029,2178.578461429803,149.57846142980316,7.37202865597847
2056,2024.6480129870129,-31.351987012987138,-1.524902092071359
2087,2037.492209468397,-49.50779053160295,-2.3721988754960686
1605,1575.9029537226913,-29.097046277308664,-1.8129000795830943
1151,1065.1923145743144,-85.80768542568558,-7.455055206401874
1756,1721.5677327866954,-34.43226721330461,-1.9608352627166636
1924,1593.4364140119142,-330.56358598808583,-17.181059562790324
2259,2189.3394348486645,-69.6605651513355,-3.0836903564114877
1423,1406.543851172792,-16.456148827207926,-1.1564405359949352
2641,2615.7601322751316,-25.239867724868418,-0.955693590491042
1139,1275.0224201539204,136.0224201539204,11.94226691430381
2203,2425.628144800021,222.6281448000209,10.105680653655057
2186,2214.359043433133,28.359043433133138,1.2973029932814792
1628,1516.7186040082522,-111.28139599174779,-6.835466584259692
834,966.6506613756617,132.65066137566168,15.90535508101459
1369,1396.4477409999665,27.447740999966527,2.0049482103700895
2477,2285.3999626422965,-191.6000373577035,-7.735165012422426
1150,1060.4730626484627,-89.5269373515373,-7.784951074046721
1783,1718.0793037518033,-64.92069624819669,-3.6410934519459723
1618,1601.8272344461027,-16.172765553897307,-0.9995528772495245
1947,1923.8171685250243,-23.18283147497573,-1.1906949910105664
1554,1439.364044345541,-114.63595565445894,-7.376831123195555
1062,1058.134785085285,-3.8652149147148975,-0.36395620665865325
2377,2170.813642049637,-206.1863579503629,-8.674226249489394
1552,1593.5757472162672,41.575747216267246,2.6788496917697966
3229,3291.804692640693,62.80469264069279,1.9450199021583399
1256,1279.743580389396,23.743580389395902,1.8904124513850242
1117,1515.5298597238357,398.52985972383567,35.67859084367374
1496,1502.544936041083,6.5449360410830195,0.43749572467132486
1824,1792.1951981050906,-31.80480189490936,-1.7436843144138903
2029,1978.81391624352,-50.18608375648,-2.4734393177171023
1552,1532.186176800811,-19.813823199189073,-1.276663865927131
1844,1785.8974591958927,-58.10254080410732,-3.150897006730332
2332,2142.913332130832,-189.0866678691682,-8.108347678780797
1526,1543.879511321439,17.87951132143894,1.1716586711296817
3310,3159.646832685833,-150.35316731416697,-4.542391761757311
2004,1880.1980916305915,-123.80190836940847,-6.177739938593237
2136,2051.753951424737,-84.2460485752631,-3.94410339771831
1858,1886.4871479837993,28.487147983799332,1.5332157149515249
1858,1658.735636392281,-199.2643636077189,-10.724669731308875
2388,2261.6379793960973,-126.36202060390269,-5.291541901335959
1764,1709.9949137562987,-54.00508624370127,-3.061512825606648
2728,2698.6373515928512,-29.362648407148754,-1.0763434166843384
1742,1692.6508033699852,-49.34919663001483,-2.832904513778119
1314,1475.808481481481,161.80848148148107,12.314191893567813
1890,1973.1015519480516,83.10155194805156,4.396907510478918
1491,1488.9966136722405,-2.003386327759472,-0.13436528019848906
1555,1551.0310767652918,-3.9689232347081997,-0.25523622088155623
2250,2176.5194242609246,-73.48057573907545,-3.265803366181131
1315,1221.1683269648208,-93.83167303517916,-7.135488443739861
1908,1906.478999793836,-1.5210002061639898,-0.07971699193731603
1633,1606.9217521181372,-26.078247881862808,-1.5969533301814336
1146,1488.553964479168,342.5539644791679,29.891270896960553
2918,2889.376037037036,-28.623962962964015,-0.9809445840631944
1113,1121.3660024050027,8.366002405002746,0.75166239038659
2292,2076.280988040627,-215.7190119593729,-9.411824256517141
1503,1560.8844007386729,57.884400738672866,3.8512575341765047
1091,1048.5615800125806,-42.438419987419365,-3.889864343484818
1823,1930.3619100782232,107.36191007822322,5.889298413506485
1669,1629.6853858733848,-39.3146141266152,-2.3555790369451888
1639,1648.0981003742108,9.098100374210844,0.5551006939725958
1938,1770.9486874808192,-167.05131251918078,-8.619778767759586
861,1227.974396584897,366.974396584897,42.62188113645726
1197,1097.5216358826356,-99.47836411736444,-8.310640277139886
1530,1569.7241677489183,39.72416774891826,2.5963508332626315
1742,1730.0503978363688,-11.949602163631198,-0.6859702734575889
1471,1989.6185025715035,518.6185025715035,35.2561864426583
1971,1873.6352452295612,-97.36475477043882,-4.939865792513385
1981,2036.9157873977867,55.915787397786744,2.8226041089241165
2006,2095.775647510052,89.77564751005184,4.475356306582843
1482,1519.4512762955121,37.451276295512116,2.5270766731114787
1653,1740.095391735786,87.09539173578605,5.268928719648279
1577,1584.9308738576237,7.930873857623737,0.5029089319989688
2501,2224.6866920405414,-276.3133079594586,-11.048113073149084
1704,1849.7820191017665,145.78201910176654,8.555282811136534
2004,2014.726586018919,10.726586018919079,0.5352587833791955
2503,2611.6521467051466,108.6521467051466,4.340876816026632
1569,1497.6083955664806,-71.39160443351943,-4.550134125781991
1844,1894.47628604135,50.47628604135002,2.737325707231563
1120,1224.743187830688,104.74318783068793,9.352070342025707
1552,1506.3143369198554,-45.68566308014465,-2.943663858256743
3259,2826.066653920154,-432.93334607984616,-13.284238910090401
2418,2420.538970732971,2.538970732970938,0.1050029252676153
1756,1731.2779630566026,-24.72203694339737,-1.407860873769782
1441,1440.5911588480262,-0.4088411519737747,-0.028372043856611708
1322,1331.7212362359862,9.721236235986225,0.7353431343408643
2262,2318.1789461279463,56.17894612794635,2.483596203711156
1477,1399.83794997595,-77.1620500240499,-5.224241707789432
1650,1633.0616675744432,-16.938332425556837,-1.026565601548899
1355,1387.6233828393824,32.62338283938243,2.4076297298437215
1786,1835.2159292929293,49.21592929292933,2.755651136222247
1632,1603.7096570394738,-28.29034296052623,-1.7334768970910681
1174,1202.6086745010257,28.60867450102569,2.436854727514965
1918,1836.503467266756,-81.49653273324407,-4.249037160231703
1626,1667.9297047270843,41.9297047270843,2.578702627741962
1639,1680.5096998639056,41.50969986390555,2.5326235426421935
1775,1800.4601158886815,25.460115888681457,1.4343727261228991
1957,1987.7168997666208,30.716899766620827,1.5695911991119482
1025,1040.5935791245795,15.593579124579492,1.5213247926419018
1716,1704.0532542754506,-11.946745724549373,-0.696197303295418
2039,2022.1514787307844,-16.848521269215553,-0.8263129607266088
1697,1836.335925666925,139.33592566692505,8.210720428221865
1165,1116.580971669072,-48.419028330928086,-4.156139770895114
1520,1547.3050581955517,27.305058195551737,1.7963854076020878
1537,1543.2574419523257,6.257441952325735,0.4071204913679723
1615,1460.752381994344,-154.24761800565602,-9.550936099421426
1578,1571.830126442974,-6.169873557025994,-0.39099325456438494
1612,1577.8083720343122,-34.19162796568776,-2.121068732362764
1019,1115.749241702742,96.74924170274198,9.494528135695974
1906,2034.053668560375,128.05366856037494,6.718450606525443
1387,1486.632913290414,99.63291329041408,7.183339098083207
2652,2665.5327113997105,13.532711399710479,0.5102832352832005
1541,1549.3115331612833,8.31153316128325,0.5393597119586795
2147,2104.0359145739753,-42.96408542602467,-2.001121817700264
2357,2312.6800383320383,-44.31996166796171,-1.8803547589292195
2031,2197.799499785501,166.7994997855012,8.212678472944422
1679,1628.29045539127,-50.709544608730084,-3.0202230261304397
1442,1501.3360542308267,59.336054230826676,4.1148442601128075
1674,1648.8232404948994,-25.176759505100563,-1.5039880230048126
1475,1489.2714567924922,14.271456792492245,0.9675563927113386
2887,2882.9252998852985,-4.0747001147015,-0.14113959524425007
2050,1991.3859509379513,-58.61404906204871,-2.8592219054657906
1530,1743.8295265882105,213.82952658821046,13.975786051517023
2426,2490.7091538091545,64.70915380915449,2.667318788505956
1307,1294.2617997003001,-12.738200299699884,-0.9746136419051173
1767,1814.6883864633257,47.68838646332574,2.698833416147467
1944,1789.6917745580129,-154.30822544198713,-7.937665917797693
2130,2026.0353365560366,-103.96466344396345,-4.880970114740068
1570,1563.9934624961097,-6.006537503890286,-0.38258200661721564
1433,1401.1326978021978,-31.867302197802246,-2.223817320153681
1997,1901.0292174432725,-95.9707825567275,-4.805747749460566
1686,1699.9987447170229,13.998744717022873,0.8302932809622108
2003,2116.1995103415097,113.19951034150972,5.65149826967098
1571,1750.3278913625368,179.32789136253677,11.414888056176752
1424,1417.080582732082,-6.9194172679181065,-0.4859141339830131
1611,1665.337448645426,54.33744864542609,3.372901840187839
1677,1627.7049700250502,-49.295029974949784,-2.939477040843756
3506,3192.2241924001933,-313.77580759980674,-8.949680764398368
1438,2211.4120959676393,773.4120959676393,53.78387315491233
1389,1347.6403988696482,-41.35960113035185,-2.9776530691398015
1441,1481.4246761686732,40.42467616867316,2.8053210387698235
1333,1320.7461755651755,-12.253824434824537,-0.9192666492741588
1887,1735.1287045895137,-151.87129541048625,-8.048293344487877
1536,1538.8853939763937,2.8853939763937433,0.1878511703381343
1554,1699.8455762949495,145.84557629494952,9.385172219752222
1677,1613.3735142809253,-63.62648571907471,-3.794065934351503
2266,2147.6027330447328,-118.39726695526724,-5.224945584963249
1778,1744.6076386946395,-33.39236130536051,-1.8780855627311872
1809,1716.9996793411106,-92.00032065888945,-5.085700423376974
2832,2898.085624338624,66.0856243386238,2.33353193286101
1386,1342.5216916747474,-43.478308325252556,-3.1369630826300545
2373,2298.2793617123607,-74.7206382876393,-3.1487837457917953
1670,1623.575005547996,-46.42499445200406,-2.7799397875451533
1754,1782.5092901607952,28.509290160795217,1.6253871243326805
1698,1748.2774612186251,50.27746121862515,2.960981226067441
1930,1971.5601647426654,41.56016474266539,2.153376411537067
1841,1791.6240788649282,-49.37592113507185,-2.68201635714676
2130,2254.8772465240077,124.87724652400766,5.862781526948716
1709,1891.8860685170068,182.88606851700683,10.701349825453882
1129,1128.2649191734195,-0.7350808265805426,-0.06510901918339616
1548,1551.732279736149,3.7322797361489393,0.24110334212848447
1622,1613.0435606111205,-8.956439388879517,-0.5521849191664313
1662,1712.4625629719571,50.46256297195714,3.036255293138215
1597,1598.18960694666,1.1896069466599783,0.07449010310957911
1562,1409.649632065118,-152.3503679348819,-9.753544682130723
2417,2177.286232804233,-239.7137671957671,-9.917822391219161
2189,2129.2512277432725,-59.748772256727534,-2.729500788338398
1321,1372.0999697154696,51.09996971546957,3.8682793122989834
1289,1209.5146839301071,-79.48531606989286,-6.166432588820237
1056,1105.3480379990383,49.3480379990383,4.673109658999839
2081,2194.130512685735,113.13051268573508,5.43635332463888
1449,1292.897115921116,-156.10288407888402,-10.773145899163838
2327,2317.562537039049,-9.437462960951052,-0.40556351357761294
1464,1450.5219726939722,-13.478027306027798,-0.9206302804663797
1697,1761.8952830687833,64.89528306878333,3.824118035874091
1221,1295.4525157527657,74.45251575276575,6.097667137818653
2062,1798.7923083697062,-263.20769163029377,-12.764679516503092
2021,2002.7054525474525,-18.294547452547476,-0.9052225359993803
1507,1469.3510192663339,-37.64898073366612,-2.4982734395266175
2004,1896.1063973711482,-107.8936026288518,-5.3839123068289325
2129,2293.6411552782743,164.64115527827425,7.733262342802924
1333,1318.4154401709404,-14.584559829059572,-1.0941155160584823
2399,2046.954210994619,-352.04578900538104,-14.674688995639059
1912,1893.7879128188845,-18.21208718111552,-0.9525150199328201
2282,2256.1501301938806,-25.849869806119386,-1.1327725594267917
2717,3047.7337873977863,330.7337873977863,12.172756253138987
1273,1789.428276158592,516.4282761585921,40.56781430939451
1226,1193.0444726319265,-32.95552736807349,-2.6880528032686373
2012,2399.3140009137396,387.3140009137396,19.25019885257155
2141,2151.2028473107944,10.202847310794368,0.47654588093387984
1159,1100.7067630332633,-58.293236966736686,-5.029614923790914
1999,1979.0239014854542,-19.97609851454581,-0.9993045780162987
1375,1317.6913434898436,-57.308656510156425,-4.1679022916477395
2077,1929.3591439843694,-147.64085601563056,-7.1083705351772055
1436,1281.6153508898503,-154.38464911014967,-10.751020133018779
1754,1744.3814511183746,-9.61854888162543,-0.5483779293971168
1979,1757.2310645458033,-221.7689354541967,-11.206110937554154
1716,1949.009040163541,233.00904016354093,13.578615394145743
1535,1410.5908882513716,-124.40911174862845,-8.104828126946478
1109,1638.1195599696564,529.1195599696564,47.71141208022149
2274,2154.9212445364747,-119.07875546352534,-5.236532782037174
2151,1949.5979165431988,-201.40208345680117,-9.363183796225066
1376,1473.1279552853932,97.12795528539323,7.0587176806245076
1825,1875.666501883297,50.66650188329709,2.7762466785368267
1930,2010.6218847633847,80.62188476338474,4.177299728672784
2234,2274.01157894883,40.01157894882999,1.791028601111459
1687,1636.5528738952498,-50.44712610475017,-2.9903453529786703
1554,1585.5372094525774,31.537209452577372,2.0294214576948115
1783,1953.113879578625,170.11387957862507,9.540879393080488
2000,2197.394025773937,197.39402577393685,9.869701288696843
1593,1796.6414053117578,203.6414053117578,12.783515713230246
1768,1655.9698720723727,-112.03012792762729,-6.336545697263987
917,1174.6282068302073,257.6282068302073,28.09467904364311
1548,1439.999299319643,-108.00070068035711,-6.976789449635472
1657,1778.8356628651877,121.83566286518771,7.352785930307043
1912,1879.554649464343,-32.4453505356571,-1.6969325593962918
1514,1458.560993339993,-55.43900666000695,-3.661757375165585
1635,1668.251170964302,33.25117096430199,2.033710762342629
1966,1910.3353911295796,-55.66460887042035,-2.831363625148543
1499,1536.298769908399,37.29876990839898,2.4882434895529673
1761,1653.2049113040543,-107.79508869594565,-6.121242969673234
1992,1995.2504049133731,3.2504049133731314,0.1631729374183299
2021,1943.3792305050185,-77.62076949498146,-3.8407110091529666
1471,1542.9313528023995,71.93135280239949,4.889962800978891
1653,1816.9017192067195,163.90171920671946,9.915409510388352
1470,1463.9781358456355,-6.0218641543644935,-0.4096506227458839
2090,1985.43917309843,-104.56082690156995,-5.002910378065549
1885,1962.4033095238099,77.40330952380987,4.106276367310868
1940,1926.362498047498,-13.637501952501907,-0.7029640181702014
1507,1529.1974636382133,22.19746363821332,1.4729571093704925
1659,1633.2104028505148,-25.78959714948519,-1.5545266515663163
1535,1449.6587083407492,-85.34129165925083,-5.559693267703637
2152,2058.904592312311,-93.0954076876892,-4.32599478102645
2057,1979.7729935064926,-77.22700649350736,-3.754351312275516
1888,1772.5651886920298,-115.43481130797022,-6.114131954871304
1087,1159.9533948713856,72.95339487138563,6.711443870412662
1613,1723.1193117845123,110.11931178451232,6.826987711377082
1562,1346.8852222222215,-215.1147777777785,-13.771752738654195
1000,965.3519664409664,-34.64803355903359,-3.464803355903359
1954,1803.1255582010583,-150.8744417989417,-7.721312272207865
1950,2107.6036679730832,157.60366797308325,8.08223938323504
2120,2189.501325637325,69.50132563732495,3.278364416854951
1577,1455.4223472633041,-121.57765273669588,-7.7094262990929545
1874,1964.8903886040246,90.89038860402457,4.850074098400457
1694,1821.291689273689,127.29168927368892,7.5142673715282715
1754,1565.5977585122357,-188.4022414877643,-10.741290848789298
1671,1692.7376608887193,21.737660888719347,1.3008773721555562
3141,2872.7161376401364,-268.28386235986363,-8.54135187392116
1919,1777.7612307228271,-141.23876927717288,-7.360019243208591
1338,1264.576607984608,-73.42339201539198,-5.487547983213153
1467,1445.7503501216415,-21.24964987835847,-1.448510557488648
1077,1110.598323472823,33.59832347282304,3.1196214923698276
2877,2649.685693121694,-227.31430687830607,-7.901088177904278
1817,1958.2633223229925,141.2633223229925,7.774536176279169
1350,1369.3834686158377,19.383468615837728,1.435812490062054
2055,2044.0614528619537,-10.93854713804626,-0.5322893984450735
1706,1650.6126550005201,-55.387344999479865,-3.246620457179359
1408,1398.2820154225221,-9.717984577477864,-0.6901977682867801
1546,1519.286323361697,-26.713676638303014,-1.7279221628915276
1834,1802.0077837902843,-31.992216209715707,-1.7443956493847168
2093,2178.6058733088107,85.60587330881071,4.090103837019146
1227,1173.0737792365112,-53.9262207634888,-4.39496501739925
1951,1961.4847200577199,10.48472005771987,0.5374023607237247
1537,1499.4106662738134,-37.589333726186624,-2.4456300407408342
2144,1910.8680576923082,-233.13194230769182,-10.873691338978162
1498,1459.1244929052418,-38.87550709475818,-2.595160687233523
1858,1906.9771807885538,48.977180788553824,2.6360161888349745
1547,1577.2050129777633,30.205012977763317,1.952489526681533
1239,1242.8294033189034,3.82940331890336,0.30907209999220014
1533,1426.222184749389,-106.77781525061096,-6.96528475215988
2376,2360.378159624651,-15.621840375349166,-0.6574848642823723
1608,1783.2996889062579,175.29968890625787,10.901721946906584
2323,2282.309774891773,-40.69022510822697,-1.751623982274084
2095,2003.3096233766228,-91.69037662337723,-4.376628955769797
2465,2293.3241317296397,-171.6758682703603,-6.9645382665460565
1517,1540.6437048551181,23.64370485511813,1.5585830491178727
2204,2287.13967003367,83.13967003366997,3.772217333651088
1464,1423.1659974777185,-40.83400252228148,-2.7892078225602104
1819,1750.2654867489666,-68.73451325103338,-3.77869781479018
1604,1613.775707140486,9.77570714048602,0.609458051152495
1579,1514.5189384950277,-64.48106150497233,-4.083664439833586
1538,1709.9890439399842,171.98904393998419,11.18264264889364
1884,1885.3637269397275,1.363726939727485,0.07238465709806184
1612,2102.9761807517675,490.9761807517675,30.4575794511022
1088,1126.5143095238097,38.51430952380974,3.539918154761925
1935,1737.2325231065233,-197.76747689347667,-10.220541441523343
1044,1046.3242883597886,2.324288359788625,0.22263298465408282
1063,1153.9894522136651,90.98945221366512,8.559685062433218
2203,1973.610477425037,-229.38952257496294,-10.412597484110892
1692,1711.4155496836495,19.415549683649488,1.1474911160549341
1494,1472.64944009694,-21.350559903060002,-1.429087008236948
1501,1505.1437538971677,4.143753897167699,0.27606621566740164
2195,1995.4259961826692,-199.57400381733078,-9.092209741108464
1384,1392.518554242054,8.518554242054051,0.6155024741368534
1767,1615.2600986509133,-151.73990134908672,-8.587430749806831
1699,1739.6957050110805,40.69570501108046,2.395273985349056
1969,2009.0626121376968,40.06261213769676,2.0346679602690076
1961,2102.8281539072273,141.82815390722726,7.232440280837698
1499,1889.7224271316074,390.72242713160745,26.065538834663606
1610,1900.98505939459,290.98505939459005,18.073606173577023
1577,1505.1408841418065,-71.85911585819349,-4.5566972643115715
1573,1595.7143181654392,22.71431816543918,1.4440125979300178
2583,2080.063188792689,-502.93681120731117,-19.471034115652774
1512,1615.6336548632448,103.63365486324483,6.854077702595557
1937,1857.4315913900907,-79.56840860990928,-4.107816655132126
1510,1524.8259871054875,14.825987105487457,0.9818534506945334
2090,2077.970821530321,-12.02917846967921,-0.5755587784535506
2323,2388.8082378525846,65.80823785258463,2.832898745268387
1438,1463.3136051234515,25.313605123451453,1.7603341532302819
2617,2934.1693453583457,317.1693453583457,12.119577583429335
1334,1397.4257651515145,63.4257651515145,4.754555108809182
1365,1488.5921052367726,123.59210523677257,9.054366684012642
2610,2808.4960051800053,198.49600518000534,7.605210926436986
1871,1998.8514190886033,127.85141908860328,6.833320100940848
2327,2438.109579420579,111.10957942057894,4.7747992875195076
1562,1638.4491824828688,76.44918248286876,4.894313859338589
1311,1315.676637566137,4.67663756613706,0.3567229264787994
1432,1363.163863155364,-68.83613684463603,-4.806992796413131
1198,1243.6186030701758,45.61860307017582,3.807896750432039
1868,1832.1700529100524,-35.82994708994761,-1.9180913859714994
1387,1746.18822965362,359.18822965362006,25.896772145178087
1880,1888.260474383803,8.260474383803057,0.43938693530867323
2243,2266.655085793835,23.655085793835042,1.054618180732726
1902,1961.2766752145142,59.27667521451417,3.11654443819738
1044,1022.3117769822775,-21.68822301772252,-2.077415997866142
1639,1595.5115039923053,-43.48849600769472,-2.6533554611162127
848,941.3666530691531,93.36665306915313,11.010218522305793
1746,1915.7107638400767,169.71076384007665,9.719975019477472
1142,1137.081515873016,-4.918484126983913,-0.43069037889526385
2008,1724.4028344803348,-283.59716551966517,-14.123364816716395
1517,1657.8424451551864,140.8424451551864,9.28427456527267
1296,1177.5201862104757,-118.47981378952431,-9.141960940549716
1953,1896.4416220622913,-56.558377937708656,-2.89597429276542
1519,1450.7142667828396,-68.28573321716044,-4.495439974796605
951,974.99623983424,23.996239834239987,2.5232639152723437
1243,1308.399093314093,65.39909331409308,5.261391256161954
1115,1173.333986124199,58.3339861241991,5.231747634457318
1981,2022.338394901395,41.33839490139508,2.086743811276884
1310,1381.6794660154658,71.67946601546578,5.471714963012655
1151,1248.6262906110182,97.62629061101825,8.481867125197068
1534,1467.4167741267772,-66.58322587322277,-4.340497123417391
2409,2612.3685899470897,203.36858994708973,8.442033621713978
2092,2007.8770228358396,-84.12297716416037,-4.021174816642465
1647,1618.6448206817884,-28.35517931821164,-1.7216259452466083
1137,1246.9205649720648,109.92056497206477,9.667595863857938
2367,2209.9244654409085,-157.07553455909147,-6.636059761685317
1171,1076.3587314796316,-94.64126852036838,-8.08208954059508
1498,1409.5240921543275,-88.47590784567251,-5.906268881553571
1969,2081.936917193917,112.936917193917,5.735749984454901
2047,1914.58769049491,-132.41230950508998,-6.4686032977572046
1488,1478.3720925397388,-9.627907460261213,-0.6470367916842212
1558,1628.1443383227004,70.14433832270038,4.5022040001733235
2382,1997.1858459543678,-384.8141540456322,-16.155086231974487
1564,1518.2548542840204,-45.74514571597956,-2.924881439640637
1375,1337.326489177489,-37.673510822510934,-2.7398916961826134
1657,1576.682696345322,-80.31730365467797,-4.847151699135665
1629,1677.362421291798,48.362421291798,2.96884108605267
1832,1804.2508202036909,-27.749179796309136,-1.5146932203225512
1009,1048.2660505463352,39.26605054633524,3.8915808271888244
1162,1069.9482145262148,-92.05178547378523,-7.921840402219038
1402,1368.4805875420873,-33.51941245791272,-2.3908282780251584
1402,1296.9384519896632,-105.06154801033676,-7.493691013576089
1208,1620.9448340867143,412.9448340867143,34.18417500717833
2307,2327.653152042402,20.65315204240187,0.89523849338543
1878,2022.7160122655123,144.7160122655123,7.705857948110345
2992,2799.525345358345,-192.47465464165498,-6.432976425189003
1321,1374.9196104067041,53.91961040670412,4.081726752967761
1689,1732.428367914642,43.42836791464197,2.5712473602511525
2403,2363.7834920634928,-39.21650793650724,-1.6319811875367143
1902,1992.1238828608657,90.1238828608657,4.738374493210605
1025,996.0730489886334,-28.926951011366555,-2.822141562084542
1520,1450.9386715000069,-69.06132849999312,-4.543508453946916
2002,2137.4833280423272,135.48332804232723,6.7673990031132485
1532,1565.931791726792,33.93179172679197,2.2148689116704943
1262,1393.847299601895,131.84729960189497,10.447488082559031
1300,1324.191312705813,24.19131270581306,1.8608702081394664
1423,1558.598376939983,135.59837693998293,9.529049679549047
2858,2787.3225589040585,-70.6774410959415,-2.4729685477936147
1506,1506.753694534827,0.753694534826991,0.05004611785039781
1500,1458.2818025493018,-41.7181974506982,-2.78121316337988
1540,1617.0242821067825,77.0242821067825,5.001576760180681
2249,2215.6280530105482,-33.37194698945177,-1.4838571360360948
1404,1349.5481463373435,-54.451853662656504,-3.8783371554598647
1673,1644.4872545369801,-28.512745463019883,-1.7042884317405786
1179,1213.5512712780844,34.551271278084414,2.9305573603125032
1963,2000.7900489070728,37.79004890707279,1.9251171119242376
1482,1666.392969594732,184.392969594732,12.442170687903644
2025,1945.4226382569786,-79.57736174302136,-3.929746258914635
1725,1800.266494172495,75.26649417249496,4.363275024492461
886,962.4703863543864,76.47038635438639,8.630969114490563
2553,2433.467625682664,-119.53237431733578,-4.682035813448326
3001,2792.728015151516,-208.27198484848395,-6.940086132905162
1488,1446.9389097618014,-41.06109023819863,-2.759481870846682
2258,2327.3783480855595,69.37834808555954,3.0725574882887305
1404,1389.6684690864688,-14.331530913531196,-1.0207643100805697
1954,1883.2368850987723,-70.76311490122771,-3.621449073757815
1907,1779.0606529424965,-127.93934705750348,-6.708932724567567
1679,1519.585532227032,-159.414467772968,-9.49460796741918
2415,2907.6259004143994,492.62590041439944,20.398588008877823
970,1043.857489191132,73.85748919113189,7.614174143415658
1948,1827.1398016832256,-120.86019831677436,-6.204322295522298
1761,1806.0580784030788,45.05807840307875,2.5586643045473454
1505,1531.0565615889745,26.056561588974546,1.7313329959451524
2210,2256.835225304365,46.83522530436494,2.1192409639984136
1541,1513.1965787040092,-27.803421295990802,-1.8042453793634523
1624,1801.5885557995714,177.5885557995714,10.935255898988386
1533,1538.6899119121474,5.689911912147409,0.3711618990311421
1916,1839.8529017092858,-76.14709829071421,-3.974274441060241
1788,1831.7521100327635,43.75211003276354,2.4469860197295046
1568,1722.0844280438043,154.08442804380434,9.826813012997725
1679,1499.8604867966906,-179.13951320330943,-10.669417105617
2020,1990.0257382546777,-29.974261745322337,-1.4838743438278386
1293,1129.0044978354983,-163.99550216450166,-12.683333500734854
1277,1282.76208093511,5.762080935109907,0.45122012021220886
1655,1601.2262075517074,-53.773792448292625,-3.249171749141548
2161,2083.9824149084147,-77.01758509158526,-3.5639789491709974
1835,1755.3825531246528,-79.61744687534724,-4.338825442798215
2077,2189.3737506012503,112.37375060125032,5.410387607185861
1494,1524.200633049563,30.200633049563066,2.0214613821662026
2976,2644.9446984126994,-331.0553015873006,-11.124170080218434
1219,1469.6974327083287,250.69743270832873,20.565827129477338
1672,1751.4963587338586,79.49635873385864,4.754566909919776
1973,1803.2350660616191,-169.76493393838086,-8.60440618035382
1726,1703.5957047534303,-22.404295246569745,-1.2980472332890929
1429,1445.1269376053058,16.126937605305784,1.1285470682509295
1708,1732.3260000341986,24.326000034198614,1.4242388778804809
3252,2985.4659884929865,-266.5340115070135,-8.196002813868802
1775,1810.1995786596347,35.19957865963465,1.983074854063924
1113,1069.3056801346802,-43.69431986531981,-3.9258149025444578
2216,2361.2925731514606,145.2925731514606,6.556524059181434
2048,2101.5259692239324,53.52596922393241,2.6135727160123245
1834,1866.6537324818287,32.65373248182868,1.7804652389219566
1786,1604.6408992812617,-181.35910071873832,-10.15448492266172
1275,1311.8055060513561,36.80550605135613,2.8867063569691083
1555,1425.3640583591368,-129.63594164086317,-8.336716504235573
1528,1629.7369993157895,101.73699931578949,6.658180583494076
1101,1186.635077667946,85.635077667946,7.777936209622707
1945,2014.9935569245565,69.99355692455651,3.598640458846093
1478,1478.7673872796859,0.7673872796858632,0.05192065491785272
1795,1532.2472625834118,-262.75273741658816,-14.638035510673436
1631,1701.4295856137144,70.42958561371438,4.318184280423934
2435,2363.207544550433,-71.79245544956711,-2.9483554599411548
1914,2051.29725760234,137.29725760233987,7.1733154442183835
1663,1736.8539966861513,73.85399668615128,4.44101002322016
2501,2467.5046228956226,-33.49537710437744,-1.3392793724261272
1936,1931.9638078760333,-4.036192123966657,-0.20848099813877363
1653,1711.3635571686066,58.363557168606576,3.5307657089296174
1092,1132.5074886964896,40.507488696489645,3.7094769868580264
2181,2049.3447321632,-131.6552678367998,-6.036463449646941
1677,1607.815289003631,-69.18471099636895,-4.125504531685686
2440,2280.840492895911,-159.1595071040888,-6.522930619020033
1999,2014.0381421151951,15.038142115195114,0.7522832473834474
1949,2193.537149650259,244.53714965025893,12.546800905605895
1849,1667.2281749319975,-181.7718250680025,-9.830818013412792
2155,1936.2773227513228,-218.7226772486772,-10.149544187873651
1086,1097.7699656824657,11.769965682465681,1.0837905784959192
2048,2214.5862720151817,166.58627201518175,8.134095313241296
1401,1377.5519071669075,-23.44809283309246,-1.6736682964377203
1534,1641.211654539146,107.21165453914591,6.989025719631416
2243,2059.2216036741042,-183.77839632589576,-8.193419363615503
1739,1681.9649465350328,-57.03505346496718,-3.279761556352339
1039,1021.4158796764639,-17.584120323536126,-1.6924081158360083
1419,1485.6009334978176,66.60093349781755,4.693511874405747
1801,1871.9920799015797,70.9920799015797,3.9418145420088675
2267,2157.439058238057,-109.56094176194301,-4.832860245343759
1412,1395.0036696636691,-16.996330336330857,-1.203706114471024
2314,2005.915962715977,-308.084037284023,-13.313916909421911
2573,2413.59718700003,-159.40281299997014,-6.195212320247577
1752,1671.1216153198654,-80.87838468013456,-4.616346157541927
1450,1405.2668150170064,-44.733184982993635,-3.0850472402064577
1615,1580.8705561546526,-34.129443845347396,-2.1132782566778574
1623,1547.6489479383365,-75.3510520616635,-4.642701913842482
1838,1755.5592034403505,-82.44079655964947,-4.485353458087567
1825,1945.6333375698375,120.63333756983752,6.610045894237672
1831,1856.4707904849497,25.470790484949703,1.3910863181294213
2166,2053.0746553258577,-112.92534467414225,-5.21354315208413
1823,1795.4284839368615,-27.57151606313846,-1.5124254560141777
1817,1920.0149136326024,103.01491363260243,5.669505428321543
1819,1943.0280308765305,124.02803087653047,6.8184733851858415
1887,1906.6293112073101,19.62931120731014,1.0402390676899913
1139,1215.3639195249425,76.3639195249425,6.704470546526997
1745,1657.378507219318,-87.62149278068205,-5.021288984566306
2136,2075.5295577731604,-60.47044222683962,-2.8310132128670236
1102,1101.6877534872535,-0.3122465127464693,-0.028334529287338414
1834,1965.1786282975233,131.17862829752335,7.152596962787533
1347,1382.1164300901014,35.1164300901014,2.607010400156006
1503,1420.4185550100308,-82.58144498996921,-5.49444078442909
1840,1782.6762235445237,-57.32377645547626,-3.1154226334497968
3408,2849.3570633255613,-558.6429366744387,-16.392104949367333
1205,1293.2313519258519,88.23135192585187,7.3221038942615655
2101,2111.1684283392615,10.168428339261482,0.48398040643795726
1433,1414.0464354321416,-18.953564567858393,-1.3226493068987017
1722,1720.5565176426037,-1.4434823573963058,-0.08382592087086561
2057,2022.208690894442,-34.79130910555796,-1.6913616483013105
1717,1801.8845384800388,84.88453848003883,4.943770441469938
2054,2161.762509142618,107.762509142618,5.246470746962902
1155,1163.0779541376671,8.07795413766712,0.6993899686291879
1616,1736.098030784031,120.09803078403093,7.431808835645478
1550,1528.062452522115,-21.93754747788489,-1.4153256437345092
1953,1898.3647130832135,-54.63528691678653,-2.7975057305062228
2255,1886.3762262300422,-368.6237737699578,-16.34695227361232
1717,1581.4893369408364,-135.51066305916356,-7.892292548582619
1738,2444.055612813112,706.055612813112,40.624603729177906
1739,1771.228644361015,32.228644361015085,1.8532860472119081
1326,1497.6382628889135,171.63826288891346,12.944062057987441
2177,2166.408933862434,-10.591066137566031,-0.4864982148629321
1466,1738.1009600676891,272.10096006768913,18.56077490229803
1411,1479.891919986065,68.89191998606498,4.882489013895463
2323,2341.9146927664397,18.914692766439657,0.8142355904623184
1298,1373.0726238391237,75.07262383912371,5.783715241843121
1628,1599.087585195975,-28.912414804025047,-1.7759468552840936
1555,1598.7371434717109,43.73714347171085,2.812678036765971
1464,1581.6567032471194,117.65670324711937,8.036660057863344
1445,1613.0932361923326,168.0932361923326,11.632749909503987
1634,1524.4530913618944,-109.5469086381056,-6.704217174914663
1649,1691.6637923851952,42.663792385195165,2.587252418750465
1781,1722.969646431003,-58.03035356899704,-3.258301716395118
1768,1679.218255559513,-88.78174444048705,-5.021591880118045
1739,1829.2560103415103,90.25601034151032,5.19010985287581
1875,1794.731269887079,-80.26873011292105,-4.280998939355789
1435,1623.6261400701108,188.62614007011075,13.144678750530367
1953,1946.5799493592833,-6.420050640716681,-0.32872763137310196
1935,1882.1782942553498,-52.82170574465022,-2.7298039144522073
1591,1589.583163497722,-1.4168365022781018,-0.0890532056742993
2323,2181.385081550461,-141.6149184495389,-6.096208284525996
1188,1289.8256772486773,101.82567724867727,8.571184953592363
1896,1888.7763211187244,-7.223678881275646,-0.38099572158626827
1394,1544.419265290416,150.41926529041598,10.790478141349784
1966,1900.3499449990784,-65.65005500092161,-3.339270345926837
1486,1595.3942841574876,109.39428415748762,7.361661114232007
1404,1390.3270616341656,-13.672938365834398,-0.9738560089625639
1749,1486.6384121630213,-262.36158783697874,-15.00066254070776
2064,2058.2215929561626,-5.778407043837433,-0.27996158158127094
2508,2422.6856423761424,-85.31435762385763,-3.401688900472792
1466,1428.094306832463,-37.90569316753704,-2.585654377048911
1200,1121.9053762903764,-78.09462370962365,-6.507885309135304
2190,2165.7796549550794,-24.220345044920577,-1.1059518285351861
1351,1347.0132050542052,-3.986794945794827,-0.29509955187230397
2079,2042.6655769600777,-36.334423039922285,-1.7476874959077577
1579,1656.673399601222,77.67339960122194,4.919151336366177
1177,1227.5887731821315,50.58877318213149,4.2981115702745525
1698,1687.0710595782648,-10.928940421735206,-0.6436360672400003
1925,1802.250237910463,-122.74976208953694,-6.376611017638282
1520,1572.7620296568646,52.76202965686457,3.471186161635827
2253,2055.8540268623588,-197.14597313764125,-8.750376082451899
778,1567.8472665217596,789.8472665217596,101.52278489996911
1195,1242.7671296296294,47.76712962962938,3.9972493413915804
1789,1931.6583732472955,142.65837324729546,7.97419638050841
1991,2053.408016835017,62.40801683501695,3.1345061192876416
1814,1786.930763368333,-27.06923663166708,-1.4922401671260794
1239,1132.0861270550113,-106.91387294498873,-8.629045435430891
2077,2010.5780868967754,-66.4219131032246,-3.197973668908262
3554,3340.884416786918,-213.11558321308212,-5.996499246288186
2123,2077.3102284752285,-45.68977152477146,-2.152132431689659
1507,1642.4648757713107,135.46487577131074,8.989042851447296
1610,1483.1114011995267,-126.88859880047335,-7.881279428600829
1763,1633.043459683309,-129.95654031669096,-7.371329569863355
2648,2618.6102328042334,-29.38976719576658,-1.1098854681180734
2036,1851.1071319558575,-184.89286804414246,-9.081182123975564
2550,2189.457258091726,-360.5427419082739,-14.138931055226427
1622,1826.3405959780957,204.34059597809573,12.598063870412807
1558,1455.6167351221195,-102.38326487788049,-6.571454741840853
1047,1110.6286791356795,63.62867913567948,6.077237739797467
1628,1548.528054059711,-79.47194594028906,-4.8815691609514165
1742,1736.5892060116023,-5.4107939883977,-0.3106081508839093
1220,1221.843962977044,1.8439629770439296,0.1511445063150762
2823,2828.69102020202,5.691020202019899,0.20159476450654976
2246,1928.2788446168224,-317.7211553831776,-14.14608884163747
1616,1734.7325598465866,118.73255984658658,7.347311871694714
2235,2034.2585812364046,-200.74141876359545,-8.98171896033984
2827,2887.233694546194,60.233694546193874,2.1306577483620046
2143,2170.1322460317456,27.13224603174558,1.2660870756764153
1907,2001.2832387222913,94.28323872229134,4.9440607615255034
1623,1602.2332390202396,-20.76676097976042,-1.2795293271571422
2160,2114.3369139009137,-45.663086099086286,-2.114031763846587
1197,1111.639178858179,-85.3608211418209,-7.131229836409432
2090,1878.9735283865446,-211.02647161345544,-10.096960364280164
2341,2288.648036371036,-52.35196362896386,-2.236307715889101
1379,1407.7483372923366,28.7483372923366,2.084723516485613
1714,1782.4507370625022,68.45073706250218,3.993625266190326
2298,2399.471422762423,101.47142276242312,4.4156406772159755
2463,2417.0691979433354,-45.93080205666456,-1.8648315897955565
1795,1981.1740009250007,186.17400092500066,10.371810636490288
1515,1617.086826585588,102.08682658558791,6.7384043950883115
1052,1248.4815484792985,196.48154847929845,18.67695327749985
1605,1733.634945560077,128.63494556007709,8.014638352652778
1652,1782.7908632416966,130.79086324169657,7.917122472257662
1199,1218.6470202347084,19.647020234708407,1.6386172005595
952,1659.2421867327516,707.2421867327516,74.290145665205
2041,2016.1618931047183,-24.838106895281726,-1.2169577116747539
1797,1807.1695764681888,10.16957646818878,0.5659196699047735
1740,1687.762623251476,-52.23737674852396,-3.0021480889956296
1491,1533.7264531026365,42.72645310263647,2.8656239505457055
1453,1405.0799049005514,-47.920095099448645,-3.2980106744286743
1774,1714.22718948884,-59.77281051116006,-3.369380524868098
1689,1649.7703357536861,-39.22966424631386,-2.322656260882999
1230,1381.4459086284085,151.44590862840846,12.312675498244591
2064,2148.8742436267435,84.87424362674346,4.112124206722067
2355,2418.9525148123475,63.952514812347545,2.7156057245158194
1774,1772.265136656704,-1.734863343295956,-0.09779387504486788
1741,1820.3669837014836,79.3669837014836,4.558700959304055
2518,2263.0869719618604,-254.9130280381396,-10.123630978480524
1862,1973.9762381571734,111.97623815717338,6.013761447753672
2056,1966.577429571938,-89.42257042806204,-4.349346810703407
2055,2113.757376086766,58.75737608676582,2.859239712251378
1266,1259.76576005476,-6.234239945240006,-0.492436014631912
2720,3141.9796166426163,421.9796166426163,15.513956494213835
1858,1783.7385388309956,-74.2614611690044,-3.9968493632402806
911,1073.4648397528401,162.46483975284013,17.833681641365548
1332,1280.3359357864358,-51.66406421356419,-3.8786834995168307
1555,1570.0082780016878,15.008278001687813,0.9651625724558079
3417,3159.6929935804933,-257.3070064195067,-7.530202119388549
2035,1972.0149952532856,-62.98500474671437,-3.0950862283397726
1562,1458.6167597402598,-103.3832402597402,-6.618645343133175
1105,1117.242378066379,12.242378066378933,1.1079075173193604
1583,1499.877724867725,-83.12227513227504,-5.25093336274637
1435,1468.4960364425376,33.496036442537616,2.334218567424224
1600,1562.1400965608461,-37.85990343915387,-2.3662439649471168
1997,2022.1661595172823,25.166159517282267,1.2601982732740244
1251,1264.084655809484,13.084655809484047,1.0459357161857752
2573,2454.7718706944975,-118.22812930550253,-4.594952557539935
1920,1754.0582136203209,-165.94178637967912,-8.642801373941621
1953,2079.972505772006,126.97250577200612,6.501408385663396
2068,2086.7954687349684,18.79546873496838,0.9088717956947959
2579,2369.9638660413657,-209.0361339586343,-8.105317330695398
1605,1844.9123839269166,239.91238392691662,14.947812082673934
1809,1655.2267222348278,-153.77327776517222,-8.500457587903384
2581,2651.340880471381,70.34088047138084,2.7253343847880993
1530,1534.6813990287683,4.681399028768283,0.3059737927299531
1105,1176.0699100529107,71.0699100529107,6.431666068136716
1307,1391.70506464751,84.70506464750997,6.480877172724559
1634,1733.6326156281216,99.63261562812158,6.097467296702668
1593,1616.062947033359,23.062947033359023,1.4477681753521043
1672,1623.5805751582673,-48.419424841732734,-2.895898614936168
1232,1171.1165935294307,-60.8834064705693,-4.941834940792963
1826,1747.609252848512,-78.39074715148809,-4.293031059774813
1369,1387.9789507529506,18.978950752950595,1.3863367971475966
3006,2891.2983210678212,-114.70167893217877,-3.815757782174942
1263,1391.9545804517272,128.95458045172722,10.21018055833153
1571,1486.4331198713567,-84.56688012864333,-5.38299682550244
2047,1853.1956911850336,-193.80430881496636,-9.467723928430209
1665,1618.9869899227451,-46.013010077254876,-2.7635441487840766
1406,1301.623484700485,-104.37651529951495,-7.423649736807607
1161,1110.6709733044734,-50.329026695526636,-4.3349721529308045
1637,1447.0101745996913,-189.98982540030875,-11.60597589494861
2326,2302.2644705185894,-23.735529481410595,-1.020444087764858
1185,1171.8295847615286,-13.170415238471378,-1.1114274462845044
2121,2086.8603492284583,-34.13965077154171,-1.609601639393763
1323,1310.5670129158284,-12.4329870841716,-0.9397571492193199
1515,1427.7027619602623,-87.29723803973775,-5.762193930015693
1548,1468.0635138568352,-79.93648614316476,-5.1638556940028915
1772,1730.2603744613552,-41.73962553864476,-2.355509341909975
1394,1551.4337307648782,157.4337307648782,11.293667917136169
2259,2493.273271136271,234.27327113627098,10.370662732902655
2516,2739.8776774706776,223.87767747067755,8.898158881982415
2035,1884.0948779710964,-150.90512202890363,-7.415485111985437
1437,1388.2567667674732,-48.74323323252679,-3.3920134469399295
2602,2544.4524337264984,-57.547566273501616,-2.211666651556557
2976,2855.6342738557732,-120.36572614422676,-4.044547249469986
2891,2779.65864021164,-111.34135978836002,-3.851309574139053
2815,2603.0317532467534,-211.9682467532466,-7.529955479689045
2080,2030.9504502853401,-49.04954971465986,-2.3581514285894163
1832,1825.667618807118,-6.33238119288194,-0.34565399524464735
1706,1619.533371260179,-86.46662873982109,-5.068383865171224
1506,1544.5962230151863,38.5962230151863,2.562830213491786
1764,1538.8638190282147,-225.13618097178528,-12.76282205055472
1760,1771.6086577050175,11.60865770501755,0.6595828241487244
1707,1666.4947458371998,-40.505254162800156,-2.3728912807732954
1808,2144.4131077859342,336.41310778593424,18.606919678425566
1304,1073.3391323510914,-230.6608676489086,-17.68871684424146
1953,1930.7487907647917,-22.251209235208307,-1.1393348302718027
1281,1290.263882165339,9.263882165339055,0.723175813063158
1815,1777.0296868839973,-37.97031311600267,-2.092028270854142
1555,1596.9722471441883,41.97224714418826,2.699179880655193
2232,2233.1590728957153,1.159072895715326,0.05192978923455762
1472,1386.6532742129261,-85.34672578707386,-5.7980112627088225
1354,1304.437681152181,-49.562318847818915,-3.6604371379482212
2123,2018.8109665679415,-104.18903343205852,-4.907632286013119
1295,1231.2697801827806,-63.73021981721945,-4.921252495538182
2066,1994.316211530962,-71.68378846903806,-3.469689664522656
1107,1199.167601943612,92.167601943612,8.325889967805962
1098,1212.6979213969435,114.69792139694346,10.44607662995842
1967,1903.4169320055153,-63.583067994484736,-3.2324894760795497
2064,2069.586278258779,5.586278258779203,0.2706530164137211
2019,1878.69827249912,-140.3017275008799,-6.949070208067355
1356,1415.6020049950043,59.602004995004336,4.395428096976721
1158,1211.4653161369486,53.46531613694856,4.617039390064642
1197,1144.5024085370353,-52.49759146296469,-4.385763697824953
2427,1657.7299729955105,-769.2700270044895,-31.696334033971553
1384,1412.0400906685913,28.040090668591347,2.026018111892438
1482,1461.8377314352317,-20.162268564768283,-1.3604769611854441
2237,2029.6509431660074,-207.34905683399256,-9.26906825364294
1538,1608.328347055994,70.32834705599407,4.5727143729515
1174,1182.235259406378,8.235259406377963,0.7014701368294688
1820,1976.8099421117947,156.80994211179473,8.615930885263447
2049,1965.2503307063312,-83.74966929366883,-4.087343547763242
1489,1530.884986892737,41.88498689273706,2.8129608390018173
1699,1582.6661499138745,-116.3338500861255,-6.847195414133343
1588,1767.4535708683477,179.4535708683477,11.300602699518118
1949,1906.8536907689731,-42.14630923102686,-2.1624581442291873
1774,1613.66469706348,-160.33530293652007,-9.038066681878245
2201,2178.2905654160645,-22.70943458393549,-1.0317780365259197
1683,1732.7115611055606,49.71156110556058,2.9537469462602837
1873,1983.9066466285824,110.9066466285824,5.921337246587421
2717,2703.7419679209684,-13.258032079031636,-0.4879658475904172
1388,1450.4090882635878,62.40908826358782,4.496332007463099
1998,1972.0630488418835,-25.93695115811647,-1.298145703609433
1389,1381.6032959355462,-7.396704064453843,-0.5325200910333939
2173,2038.4445066964226,-134.55549330357735,-6.192153396391042
1718,1702.5847182424382,-15.415281757561843,-0.8972806610920746
2256,2247.227622414623,-8.772377585376944,-0.38884652417450993
1724,1756.1914673322324,32.19146733223238,1.8672544856283284
2509,1953.7798919976794,-555.2201080023206,-22.12913941818735
2508,2426.702309183947,-81.29769081605309,-3.2415347215332173
2539,2535.4162387057386,-3.5837612942614214,-0.14114853463022534
2303,2293.2929430014424,-9.707056998557618,-0.4214961788344602
1841,1860.438644300144,19.438644300144006,1.0558742151083111
1816,1963.596566615785,147.59656661578492,8.12756424095732
1455,1500.505274745151,45.50527474515093,3.1275102917629507
1016,1155.196372775373,139.196372775373,13.70043039127687
1394,1442.7738278875113,48.77382788751129,3.49883987715289
1154,1269.4889349816845,115.48893498168445,10.007706670856537
2756,2342.9087621730114,-413.0912378269886,-14.988796728120052
1235,1246.3346857348997,11.334685734899722,0.9177883186153621
1863,2105.6731505531516,242.67315055315157,13.025934007147159
1783,1845.3515945730242,62.35159457302416,3.4970047432991676
1782,1738.8433816778308,-43.15661832216915,-2.4218079866537123
1154,1166.021013449513,12.02101344951302,1.0416822746545078
1901,1843.7874535121803,-57.212546487819736,-3.0096026558558515
1257,1222.9887533695219,-34.01124663047813,-2.705747544190782
1966,1858.844580747907,-107.155419252093,-5.450428242731078
1385,1340.8095071433936,-44.1904928566064,-3.1906493037260937
1539,1490.8350478467376,-48.16495215326245,-3.1296265206798215
2329,1975.558632857117,-353.4413671428831,-15.175670551433369
2028,1982.3403863767173,-45.65961362328267,-2.251460237834451
2064,2016.5837184082814,-47.41628159171864,-2.2973004647150503
2299,2318.246245956609,19.246245956609073,0.837157283889042
1361,1399.85004253965,38.850042539650076,2.854521861840564
1664,1727.2858571428574,63.28585714285737,3.8032366071428707
1719,1809.4689220902555,90.46892209025555,5.262880866216146
911,947.4580483405482,36.4580483405482,4.001981157030539
2382,2406.5594434824443,24.559443482444294,1.0310429673570232
1659,1617.4007277537282,-41.59927224627177,-2.5074907924214447
2618,2451.957713982851,-166.04228601714885,-6.342333308523639
1162,1165.8114451289457,3.8114451289457065,0.3280073260710591
1068,1189.9788023088022,121.97880230880219,11.42123617123616
1751,1796.9033359788355,45.90333597883546,2.621549741795286
1607,1650.7200237342272,43.7200237342272,2.720598863361991
1443,1432.083396029108,-10.916603970892083,-0.756521411704233
1380,1321.1687051744552,-58.831294825544774,-4.263137306198897
2242,2151.815085555346,-90.18491444465417,-4.02252071564024
1538,1524.5731945466873,-13.426805453312681,-0.873004255742047
2093,2017.7720028590725,-75.22799714092753,-3.594266466360608
1104,1071.100511784512,-32.89948821548796,-2.980026106475359
1748,1834.0497700058227,86.04977000582267,4.9227557211569035
1657,1680.620460092311,23.620460092311077,1.4254954793187133
1766,1600.4711415881327,-165.5288584118673,-9.373095040309586
1420,1457.6699526214527,37.669952621452694,2.6528135648910345
1593,1530.1675771713217,-62.83242282867832,-3.944282663444967
1458,1527.629223211812,69.6292232118119,4.775666886955549
1073,1093.8750227715757,20.875022771575686,1.9454820849557957
1579,1690.2747947785538,111.27479477855377,7.04716876368295
1104,1179.9264338624346,75.92643386243458,6.877394371597336
1530,1528.6324809072769,-1.3675190927231142,-0.08938033285771989
2194,2383.141577385577,189.14157738557697,8.620855851667136
2002,2096.2878298872315,94.28782988723151,4.709681812549026
1400,1409.4834495689495,9.483449568949482,0.6773892549249629
1760,1873.0621253132824,113.06212531328242,6.423984392800137
1115,1211.634146012439,96.63414601243903,8.666739552685115
1874,1813.7379685576411,-60.262031442358875,-3.2156900449497803
1667,1690.8758661342974,23.87586613429744,1.4322655149548553
2044,1985.0148804528822,-58.98511954711785,-2.8857690580781727
2079,2078.6130094121563,-0.3869905878436839,-0.018614265889547087
1244,1192.936466610102,-51.06353338989811,-4.104785642274768
1996,1928.1441495816184,-67.85585041838158,-3.399591704327734
2037,2036.4957833232068,-0.5042166767932486,-0.02475290509539757
2381,2372.712467328967,-8.287532671033205,-0.34806941079517867
1228,1207.339634123187,-20.660365876813103,-1.682440217981523
1786,1673.2122765154234,-112.78772348457665,-6.315102098800485
2114,1821.701512247012,-292.29848775298797,-13.826796960879278
1920,1844.305191095617,-75.69480890438308,-3.9424379637699523
2305,2283.8551552829886,-21.144844717011438,-0.9173468423866133
1581,1633.6358500180645,52.6358500180645,3.329275775968659
2319,2223.1451950107653,-95.85480498923471,-4.133454290178297
1370,1491.9448279783753,121.94482797837532,8.90108233418798
1935,1831.6515355940362,-103.3484644059638,-5.341005912452909
1500,1462.3272788211789,-37.67272117882112,-2.5115147452547415
2601,2486.9426112591104,-114.05738874088956,-4.385136053090718
1549,1697.996521851929,148.99652185192895,9.61888456113163
1703,1645.267055278055,-57.73294472194493,-3.3900730899556626
945,945.0811031746028,0.08110317460284477,0.008582346518819553
1142,1465.5534218423757,323.55342184237566,28.332173541363893
1665,1655.5857293359659,-9.41427066403412,-0.5654216615035508
1388,1430.1570575998078,42.157057599807786,3.037251988458774
2828,2791.153557701558,-36.84644229844207,-1.3029152156450519
2937,2811.1964331409336,-125.80356685906645,-4.283403706471449
1489,1464.6894991582487,-24.310500841751264,-1.6326729913869218
2247,2218.7733798992576,-28.226620100742366,-1.2561913707495491
1491,1590.7271635414688,99.72716354146883,6.688609224779935
2649,2423.0203700309335,-225.97962996906654,-8.530752358213158
1430,1391.6523941798932,-38.347605820106764,-2.6816507566508228
1422,1581.4370189894337,159.43701898943368,11.212167298834999
1312,1218.4247889456753,-93.57521105432465,-7.132256940116208
1519,1587.986945147446,68.98694514744602,4.541602708850956
1161,1063.9333564213566,-97.06664357864338,-8.360606682053694
2355,2209.5889013838237,-145.41109861617633,-6.174568943362052
1452,1529.9132064384037,77.91320643840368,5.3659233084300055
2378,2372.010326454544,-5.989673545455844,-0.25187861839595643
1542,1823.7875296936177,281.78752969361767,18.274158864696346
1845,2014.2621215394927,169.26212153949268,9.174098728427788
2284,2217.6434285714276,-66.35657142857235,-2.905278959219455
2403,2305.6920320074455,-97.3079679925545,-4.049436870268601
1871,1744.4443178673177,-126.55568213268225,-6.764066388705626
1566,1543.9682078131214,-22.031792186878647,-1.4068832814098753
1961,1965.5836467344313,4.5836467344313405,0.23374027202607547
1987,2006.745802142301,19.745802142301045,0.9937494787267763
1930,1869.9908278391906,-60.009172160809385,-3.1092835316481544
1684,1710.724785135939,26.7247851359391,1.5869824902576664
2411,2305.8342245303706,-105.16577546962935,-4.361915199901674
1027,1164.3387566137571,137.33875661375714,13.37280979686048
1230,1255.8812880191256,25.881288019125577,2.1041697576524863
2587,2545.0854795574783,-41.914520442521734,-1.6201979297457183
1615,1655.0614248070412,40.06142480704125,2.4805835793833593
995,977.1615828060828,-17.838417193917167,-1.7928057481323787
1718,1586.6952174718722,-131.30478252812782,-7.642886061008604
2196,2194.362223424723,-1.6377765752768028,-0.07457998976670321
1381,1330.2968937543937,-50.70310624560625,-3.671477642694153
1217,1199.5737628232166,-17.42623717678339,-1.4319011648959235
1872,1700.1149063431121,-171.88509365688788,-9.181896028679908
1817,1779.4571441545997,-37.542855845400254,-2.06620010156303
1339,1507.8406977147513,168.8406977147513,12.609462114619216
2767,2962.426035797535,195.42603579753495,7.062740722715394
1898,1827.0902866094734,-70.90971339052658,-3.736022834063571
2058,1978.3499432744668,-79.6500567255332,-3.870265147013275
1122,1347.176757494113,225.17675749411296,20.069229723182975
1849,1790.9069361667773,-58.093063833222686,-3.1418639174268623
1476,1412.9631289364418,-63.03687106355824,-4.270790722463295
1558,1454.1994592751937,-103.8005407248063,-6.662422382850211
1553,1509.3893200052478,-43.61067999475222,-2.808157114922873
1534,1683.1655033935872,149.1655033935872,9.72395719645288
1901,1793.4734042758123,-107.5265957241877,-5.656317502587465
2189,2057.2489010760396,-131.7510989239604,-6.018780215804495
1045,1055.1008870129876,10.100887012987641,0.9665920586591045
1542,1593.484353392105,51.48435339210505,3.3388037219263977
1223,1292.1847972215264,69.18479722152642,5.656974425308784
1812,1786.526512506012,-25.473487493987932,-1.4058216056284731
1728,1807.8439683713934,79.84396837139343,4.620600021492676
1783,1811.3028016940757,28.302801694075697,1.5873696968073863
2041,2030.1237604074165,-10.876239592583488,-0.5328877801363786
3023,2796.801134513635,-226.19886548636487,-7.482595616485771
2074,1993.7723320128516,-80.22766798714838,-3.8682578585896037
2473,2462.990148388648,-10.009851611352133,-0.40476553220186545
2602,2498.2175087100545,-103.78249128994548,-3.988566152572847
1951,1915.8850721500728,-35.1149278499272,-1.7998425345939109
2331,2236.55404060754,-94.44595939245983,-4.051735709672236
1516,1690.9063935839304,174.90639358393037,11.537361054348969
2079,2138.7746544011557,59.77465440115566,2.875163751859339
2191,1946.0302998720854,-244.96970012791462,-11.180725701867395
1745,1784.3421267304643,39.342126730464315,2.2545631364162935
1476,1528.7831640353113,52.7831640353113,3.576095124343584
2015,2035.4520978460864,20.452097846086417,1.0149924489372912
1560,1612.6325642637782,52.63256426377825,3.37388232460117
2210,2278.0778774562796,68.07787745627957,3.0804469437230573
1345,1416.3023507472913,71.30235074729126,5.301290018385967
1681,1798.1378783455107,117.13787834551067,6.968344934295698
988,1191.155286583787,203.15528658378707,20.562275970018934
1131,1078.0779783549785,-52.92202164502146,-4.6792238412927905
1858,1802.110210598266,-55.889789401734106,-3.00806186231077
1858,1970.8627918095292,112.8627918095292,6.0744236711264366
1803,2277.75602694836,474.75602694836016,26.331449081994464
2074,2082.808933539612,8.808933539612099,0.42473160750299416
2021,1952.672076227805,-68.32792377219494,-3.380896772498512
1935,1788.4329015697954,-146.56709843020462,-7.574527050656569
1759,1703.9765760793018,-55.02342392069818,-3.128108238811721
1946,1772.4824772634772,-173.51752273652278,-8.916625012154306
2168,2055.2908790655983,-112.70912093440165,-5.198760190701184
1973,2237.132833936618,264.1328339366182,13.387371208140813
2086,2116.9615026455035,30.961502645503515,1.4842522840605712
2138,2079.4818007573203,-58.51819924267966,-2.7370532854387117
1301,1370.9359196137184,69.9359196137184,5.3755510848361565
1455,1417.4811260961258,-37.51887390387424,-2.5786167631528687
1296,1377.3417787318551,81.34177873185513,6.276371815729563
2099,2390.5542899692905,291.5542899692905,13.890151975668912
1529,1578.9168643519076,49.916864351907634,3.264673927528295
1953,1929.8102956810078,-23.1897043189922,-1.1873888540190578
1562,1827.9763443835118,265.9763443835118,17.027934979738273
1728,1756.7500441193545,28.75004411935447,1.6637757013515317
1928,1820.3694181257342,-107.63058187426577,-5.582499059868557
1908,1787.755870577295,-120.2441294227051,-6.302103219219345
1335,1426.066992663754,91.06699266375404,6.821497577809291
2278,2082.6910844155855,-195.30891558441454,-8.573701298701252
1828,1722.1612257007641,-105.83877429923587,-5.789867303021656
1575,1539.2015586785917,-35.79844132140829,-2.2729169092957644
2070,2358.6402853879804,288.6402853879804,13.94397513951596
2087,2244.5652330577927,157.56523305779274,7.549843462280438
2081,2040.508953481643,-40.49104651835705,-1.9457494722901032
1736,1811.1165132869085,75.11651328690846,4.326988092563852
1729,1705.6812132275734,-23.31878677242662,-1.3486863373294748
1935,2005.1690403028003,70.16904030280034,3.6263069923927826
1913,2021.4725064935053,108.4725064935053,5.670282618583655
1982,1902.448165108363,-79.5518348916371,-4.0137151812127705
1695,1587.6533424406327,-107.34665755936726,-6.333136139195708
1815,1868.5748051483276,53.57480514832764,2.9517798979794843
1390,1527.123698504858,137.1236985048581,9.865014280925044
3188,2933.7620000740003,-254.2379999259997,-7.97484315953575
1260,1291.7663249898242,31.76632498982417,2.5211369039542992
1166,1501.7911748633521,335.7911748633521,28.79855702087068
2526,2864.8848368668373,338.8848368668373,13.415868442867668
1916,1925.0211132582117,9.021113258211699,0.4708305458356836
1328,1347.2408662998164,19.24086629981639,1.4488604141428003
2389,2154.391505050505,-234.6084949494948,-9.82036395770175
2120,2147.333274651275,27.333274651275133,1.2893054080790156
2205,2158.52910200475,-46.4708979952502,-2.107523718605451
1943,2031.0388552188556,88.03885521885559,4.531078498139763
2151,2254.907080245208,103.90708024520791,4.83064064366378
1750,1543.469890439296,-206.53010956070398,-11.801720546325942
1885,1877.0958815638112,-7.90411843618881,-0.41931662791452573
1761,1576.5554678715025,-184.44453212849749,-10.47385190962507
1908,1694.5378001138695,-213.46219988613052,-11.187746325268895
1290,1383.8606115921118,93.86061159211181,7.276016402489288
1476,1474.9968235892075,-1.0031764107925483,-0.06796588149001005
2193,2228.4439685684683,35.443968568468335,1.6162320368658611
1689,1778.6103776717116,89.6103776717116,5.305528577365992
3071,2998.417762589262,-72.58223741073789,-2.3634724002194036
2163,2159.620921596921,-3.3790784030788927,-0.1562218401793293
1728,1814.2870004832694,86.28700048326937,4.9934606761151255
1944,1799.5667776882358,-144.4332223117642,-7.429692505749188
1873,1812.6529736967238,-60.34702630327615,-3.22194481063941
1374,1306.1584290857293,-67.84157091427073,-4.937523356206022
1519,1535.8970803270804,16.897080327080403,1.1123818516840291
1431,1457.6749076849076,26.674907684907566,1.8640746111046518
1076,1204.3755541310543,128.3755541310543,11.930813580953
1941,1943.560469065968,2.5604690659679363,0.13191494415084679
2101,2136.4593556998557,35.45935569985568,1.6877370632963198
1902,1739.3504492784434,-162.64955072155658,-8.55150108946144
1431,1565.2954535564597,134.29545355645973,9.38472771184205
1467,1416.6804910002281,-50.31950899977187,-3.430096046337551
1728,1849.9325376141542,121.93253761415417,7.056281111930218
1703,1641.767043980051,-61.232956019948915,-3.5955934245419208
1182,1168.5220144642462,-13.47798553575376,-1.1402695038708766
1460,1754.2153994708997,294.2153994708997,20.151739689787647
1946,1893.5245708158363,-52.47542918416366,-2.696579094766889
1239,1273.6284393384394,34.62843933843942,2.794870003102455
1650,1669.7639390598356,19.763939059835593,1.1978144884748845
1707,1744.7843142243496,37.7843142243496,2.2134923388605507
2234,2082.929988300424,-151.07001169957584,-6.762310281986385
1962,2035.131353751882,73.13135375188199,3.727388060748318
1731,1706.933374825174,-24.06662517482596,-1.3903307437796626
2465,2422.382650312651,-42.617349687348906,-1.7288985674380895
1826,1883.9007734487734,57.90077344877341,3.170907636844108
988,1040.5788787878787,52.57887878787869,5.3217488651699085
1381,1360.353348811414,-20.64665118858602,-1.4950507739743677
1783,1778.6734029767333,-4.326597023266686,-0.24265827387923086
1949,1667.0186361046358,-281.9813638953642,-14.468002252199291
1846,1834.8288172832508,-11.171182716749172,-0.6051561601705944
2601,2177.6137948155474,-423.3862051844526,-16.277824113204638
3198,2889.398238539237,-308.6017614607631,-9.64983619326964
2304,2167.05962379904,-136.94037620096015,-5.943592717055561
1825,1836.3720699304877,11.372069930487669,0.6231271194787764
1792,1738.9320847971198,-53.06791520288016,-2.9613791965892946
2105,2086.597353294853,-18.402646705147163,-0.8742349978692239
2446,2382.3652580567586,-63.63474194324135,-2.6015838897482153
1864,2084.1142443482454,220.1142443482454,11.80870409593591
2104,2106.472507359112,2.4725073591121145,0.11751460832281913
1296,1311.800301533997,15.800301533997072,1.2191590689812555
1851,1945.5726333183734,94.57263331837339,5.109272464525845
2483,2376.0106205461207,-106.98937945387934,-4.308875531771218
2574,2622.270398268398,48.27039826839791,1.875306848034107
1890,1921.3682495467492,31.36824954674921,1.6596957432142438
2240,2204.59072029822,-35.40927970178018,-1.5807714152580439
1950,1965.588652541949,15.588652541948932,0.7994180790743042
1825,1790.6870552715072,-34.312944728492766,-1.8801613549859049
1191,1309.953757575758,118.95375757575789,9.987721039106457
1574,1632.6994103797326,58.699410379732626,3.7293145095128732
1631,1599.6589295338044,-31.34107046619556,-1.9215861720536824
2253,2204.884445887446,-48.11555411255404,-2.1356215762340898
1330,1279.3975302859753,-50.602469714024664,-3.804696970979298
1563,1371.7585008113308,-191.2414991886692,-12.235540575090798
2100,1818.028381795168,-281.9716182048321,-13.427219914515815
1048,1058.3496317941324,10.349631794132392,0.9875602856996558
2382,2363.3296249515124,-18.670375048487585,-0.7838108752513679
1887,1850.0914022897173,-36.90859771028272,-1.9559405251872137
874,1125.4400355940356,251.44003559403563,28.76888279107959
1252,1254.79164021164,2.791640211640015,0.22297445779872324
1334,1463.6712652003969,129.67126520039687,9.720484647705913
2115,2151.2197771375604,36.21977713756041,1.7125190135962371
1716,1720.0436108069864,4.043610806986408,0.23564165541878832
1524,1521.687966749123,-2.3120332508769934,-0.1517082185614825
1366,1372.5745423702895,6.574542370289464,0.48129885580449955
1832,1773.302593203094,-58.69740679690608,-3.204006921228498
1600,1576.0071666666665,-23.992833333333465,-1.4995520833333416
1636,1563.4056270732538,-72.59437292674625,-4.437308858603071
1397,1387.3112245347247,-9.688775465275285,-0.6935415508428979
1756,1711.7914944528945,-44.20850554710546,-2.517568653024229
1092,1152.1639521404522,60.16395214045224,5.50951942678134
1979,1970.5842037962036,-8.41579620379639,-0.425254987559191
1635,1670.667897171888,35.667897171887944,2.181522762806602
2163,2063.7937759407264,-99.20622405927361,-4.586510589887824
1682,2061.181057919995,379.18105791999506,22.543463609987814
1895,1810.8553894934905,-84.14461050650948,-4.44034883939364
1027,1092.5493181337179,65.54931813371786,6.382601570955974
1761,1687.6015876927174,-73.39841230728257,-4.167996156006961
2719,2576.0068736263734,-142.99312637362664,-5.259033702597522
2332,2075.4117489362484,-256.5882510637516,-11.00292671799964
2107,1992.269492654706,-114.73050734529397,-5.445206803288751
1731,1725.44022314956,-5.559776850439903,-0.32118872619525723
1867,1972.92484010434,105.92484010434009,5.6735318748977015
1516,1474.219121933622,-41.78087806637791,-2.755994595407514
1371,1408.9661235423357,37.96612354233571,2.7692285588866308
1590,1593.1411046176056,3.141104617605606,0.1975537495349438
2046,1941.6163302486045,-104.38366975139547,-5.101841141319427
1108,1262.4858256558252,154.48582565582524,13.94276404835968
2759,2777.549403411402,18.54940341140218,0.6723234291918152
2146,2356.8794875864874,210.87948758648736,9.82663036283725
2661,2794.750205479705,133.75020547970507,5.026313621935554
1584,1558.4322242425076,-25.567775757492427,-1.6141272574174512
1699,1575.0197256734134,-123.9802743265866,-7.297249813218752
2326,2417.1037866146194,91.10378661461937,3.9167578080231884
1421,1434.858930049236,13.85893004923605,0.975294162507815
1653,1568.4004803512823,-84.59951964871766,-5.117938272759689
2397,2164.9378404633408,-232.06215953665924,-9.681358345292416
1381,1312.1505935545931,-68.84940644540688,-4.9854747607101295
1964,2334.4446640211636,370.4446640211636,18.861744603928898
1147,1137.7333809523814,-9.266619047618633,-0.8079005272553298
2520,2358.5983661575688,-161.40163384243124,-6.404826739779017
1432,1404.2872761808287,-27.712723819171288,-1.9352460767577715
1373,1294.9761368810928,-78.02386311890723,-5.682728559279478
814,961.3734653679654,147.37346536796542,18.10484832530288
2848,2717.8248838383834,-130.17511616161664,-4.570755483202832
1618,1612.9808916736285,-5.019108326371452,-0.31020447010948404
1838,1847.1868498651343,9.186849865134263,0.4998286107254768
1506,1522.0895945440009,16.089594544000875,1.0683661715804034
2489,2439.7191779263153,-49.2808220736847,-1.9799446393605746
1205,1177.177918969919,-27.822081030081108,-2.3088863925378513
1294,1284.324195284609,-9.675804715390996,-0.7477437956252702
2732,2785.2011185666183,53.201118566618334,1.9473323047810516
2173,2153.241046432345,-19.758953567655226,-0.909293767494488
1315,1300.803985233285,-14.196014766715052,-1.079544849179852
956,990.1646456136461,34.164645613646144,3.5737077001721906
2787,2899.3426210456223,112.34262104562231,4.030951598335928
2064,1884.769814141955,-179.23018585804493,-8.68363303575799
1482,1248.9076804827623,-233.09231951723768,-15.728226688072718
2116,2168.0874977604485,52.087497760448514,2.461601973556168
1772,1716.4229592734675,-55.57704072653246,-3.1364018468697776
2028,1983.0795199803324,-44.92048001966759,-2.2150138076759167
1093,989.6813453583452,-103.3186546416548,-9.45275888761709
2396,2362.771590187589,-33.22840981241097,-1.3868284562775866
1715,1616.7220241342584,-98.27797586574161,-5.73049421957677
2227,2344.319543771043,117.31954377104285,5.26805315541279
1681,1808.6837638287643,127.68376382876431,7.5957027857682515
1519,1476.9234907941354,-42.07650920586457,-2.7700137726046457
1637,1790.1324479917716,153.13244799177164,9.354456199863876
1702,1714.8632074486497,12.863207448649746,0.7557701203672001
2401,2397.789168609168,-3.210831390832027,-0.13372892090095906
1750,1531.7496407081135,-218.25035929188653,-12.471449102393516
1981,1934.344493413992,-46.65550658600796,-2.3551492471483066
2212,2165.2660286195287,-46.7339713804713,-2.1127473499308906
1620,1620.960148295068,0.9601482950679383,0.05926841327579866
1635,1747.143169158669,112.14316915866902,6.858909428664772
1403,1434.914186001053,31.91418600105294,2.2747103350714855
1261,1425.0772203902375,164.07722039023747,13.011674892167921
1145,1176.091822346985,31.091822346985055,2.715442999736686
1612,1354.3440242111733,-257.6559757888267,-15.983621326850292
1471,1546.8289128069384,75.82891280693843,5.154922692517908
1899,1882.0870555357367,-16.91294446426332,-0.8906237211302434
1798,1841.839976881649,43.83997688164891,2.438263452816958
2453,2505.182741462241,52.18274146224121,2.1273029540253243
1874,1836.9872849348037,-37.01271506519629,-1.9750648380574327
1641,1615.0028126887603,-25.997187311239713,-1.5842283553467222
2661,2595.8049881044876,-65.19501189551238,-2.4500192369602547
1797,1883.876472631359,86.87647263135909,4.834528248823544
1995,1968.735737341801,-26.26426265819896,-1.3165043938946848
1602,1581.2512887946516,-20.7487112053484,-1.2951754809830462
1535,1468.9831493378274,-66.0168506621726,-4.3007720301089645
2011,1861.0824672711096,-149.91753272889036,-7.454874824907527
1774,1639.61620870674,-134.38379129325995,-7.575185529496051
1922,1943.212596213745,21.212596213744973,1.1036730600283544
1546,1600.306625781646,54.30662578164606,3.5127183558632638
1070,1070.2358839530843,0.23588395308433974,0.022045229260218666
1480,1464.9173789802787,-15.082621019721273,-1.019096014846032
1500,1693.143683508288,193.14368350828795,12.876245567219197
1819,1803.973781637882,-15.026218362118016,-0.8260702782912598
2289,2323.314280663781,34.31428066378112,1.4990948302219798
1219,1248.1483103460916,29.148310346091648,2.391165737989471
1750,1808.0387445147444,58.038744514744394,3.3164996865568224
2363,2352.6737479557487,-10.326252044251305,-0.4369975473656921
1717,1731.669793447293,14.669793447292932,0.854385174565692
1560,1504.3607222326787,-55.639277767321346,-3.566620369700086
1085,1071.863202921262,-13.136797078738027,-1.2107647077177905
999,1153.5744512048584,154.5744512048584,15.472918038524364
1137,1157.6511182521183,20.651118252118295,1.8162812886647575
1470,1448.003275045008,-21.996724954992033,-1.4963758472783695
1870,1930.852196848039,60.85219684803906,3.254128173691928
2036,1931.4472224833087,-104.55277751669132,-5.13520518254869
1407,1426.4106222895016,19.41062228950159,1.3795751449539155
1575,1412.2186071985825,-162.7813928014175,-10.335326527074127
